measure,obs,mu_null,sigma_null,Z,absZ,experiment,transform,rep,N
PE,0.9516781042662894,0.9493710720439832,0.002372804218370442,0.9722809005669265,0.9722809005669265,static_transform_control,linear_AR1_original,0,4000
S_theta,0.713277649126007,0.7212492752507726,0.008071321028762022,-0.987648254400846,0.987648254400846,static_transform_control,linear_AR1_original,0,4000
gamma_R,0.2524785725212416,0.25383410482797236,0.004811010189965972,-0.2817562742972141,0.2817562742972141,static_transform_control,linear_AR1_original,0,4000
PE,0.9769482574844292,0.9686767783356882,0.00284858160123258,2.9037185191261043,2.9037185191261043,static_transform_control,static_square,0,4000
S_theta,0.7101427667565469,0.681774621186736,0.00797697675999554,3.5562527538097877,3.5562527538097877,static_transform_control,static_square,0,4000
gamma_R,0.09552978516489985,0.129486962198515,0.00714171674452749,-4.754763910181069,4.754763910181069,static_transform_control,static_square,0,4000
PE,0.9516781042662894,0.9451602805501649,0.0037174644387440656,1.753298201912741,1.753298201912741,static_transform_control,static_exp,0,4000
S_theta,0.6617089543759994,0.6557282241163458,0.008819487308889444,0.6781267493435192,0.6781267493435192,static_transform_control,static_exp,0,4000
gamma_R,0.2524785725212416,0.26428369359291537,0.007366566112978958,-1.6025269970596776,1.6025269970596776,static_transform_control,static_exp,0,4000
PE,0.9516781042662894,0.9550384028881811,0.002501858110385048,-1.3431211817901705,1.3431211817901705,static_transform_control,static_tanh,0,4000
S_theta,0.7098494660161122,0.7167646222432434,0.007787466334898004,-0.8879853767254593,0.8879853767254593,static_transform_control,static_tanh,0,4000
gamma_R,0.2524785725212416,0.24910665777753155,0.0013188597730694205,2.55668935588392,2.55668935588392,static_transform_control,static_tanh,0,4000
PE,0.9439115406570876,0.9450577356083943,0.002620141507854688,-0.43745536180800526,0.43745536180800526,static_transform_control,linear_AR1_original,1,4000
S_theta,0.7038026289389836,0.7101322354059529,0.007322725549435856,-0.8643784918932232,0.8643784918932232,static_transform_control,linear_AR1_original,1,4000
gamma_R,0.27235973192541696,0.26812054700192123,0.0037606919404691605,1.1272353573759826,1.1272353573759826,static_transform_control,linear_AR1_original,1,4000
PE,0.9749878302973124,0.9716210345238754,0.0024808100062889047,1.3571356794361993,1.3571356794361993,static_transform_control,static_square,1,4000
S_theta,0.7065290764551363,0.6865730962532165,0.0078635479786054,2.537783231718641,2.537783231718641,static_transform_control,static_square,1,4000
gamma_R,0.11107440151905035,0.13843847313589502,0.007522828219023178,-3.637471283426147,3.637471283426147,static_transform_control,static_square,1,4000
PE,0.9439115406570876,0.948408079001692,0.003169858670246309,-1.4185295978053805,1.4185295978053805,static_transform_control,static_exp,1,4000
S_theta,0.6496839389282214,0.6585146195006965,0.009578521554776592,-0.9219252179968616,0.9219252179968616,static_transform_control,static_exp,1,4000
gamma_R,0.27235973192541696,0.2680815866141569,0.007972922386071188,0.5365843418636643,0.5365843418636643,static_transform_control,static_exp,1,4000
PE,0.9439115406570876,0.9482593758967864,0.002730322608285362,-1.5924254615571862,1.5924254615571862,static_transform_control,static_tanh,1,4000
S_theta,0.7004094780992203,0.699653403184169,0.007261958691992367,0.10411446100415896,0.10411446100415896,static_transform_control,static_tanh,1,4000
gamma_R,0.27235973192541696,0.27071522231139816,0.001217160824181445,1.351102977804719,1.351102977804719,static_transform_control,static_tanh,1,4000
PE,0.9475217968850922,0.9465315328607641,0.0023591922142642777,0.4197470720447129,0.4197470720447129,static_transform_control,linear_AR1_original,2,4000
S_theta,0.7256732956646471,0.716363187817355,0.007595093245839868,1.2258056018458563,1.2258056018458563,static_transform_control,linear_AR1_original,2,4000
gamma_R,0.26202374025526487,0.2687546759576215,0.004238434971645783,-1.58807100908357,1.58807100908357,static_transform_control,linear_AR1_original,2,4000
PE,0.9797789349291116,0.9660745778162032,0.0033163761723488073,4.132328903811404,4.132328903811404,static_transform_control,static_square,2,4000
S_theta,0.702650498407229,0.6760745187271859,0.008782616796898273,3.0259750931440905,3.0259750931440905,static_transform_control,static_square,2,4000
gamma_R,0.10291409809047536,0.15306641198004198,0.0075356014831746134,-6.655382984562813,6.655382984562813,static_transform_control,static_square,2,4000
PE,0.9475217968850922,0.943444441538259,0.0035244221558783455,1.156886197651607,1.156886197651607,static_transform_control,static_exp,2,4000
S_theta,0.6661989580947401,0.649225909742065,0.008954812662238703,1.8954107688090753,1.8954107688090753,static_transform_control,static_exp,2,4000
gamma_R,0.26202374025526487,0.2813712105335074,0.007361205689428044,-2.6283018155611124,2.6283018155611124,static_transform_control,static_exp,2,4000
PE,0.9475217968850922,0.9508876356706588,0.0025911622720261453,-1.2989687376602324,1.2989687376602324,static_transform_control,static_tanh,2,4000
S_theta,0.7053764392456637,0.7121648234118464,0.007773962382962613,-0.8732206089728524,0.8732206089728524,static_transform_control,static_tanh,2,4000
gamma_R,0.26202374025526487,0.2633798031582665,0.0012965057427993944,-1.0459366728863229,1.0459366728863229,static_transform_control,static_tanh,2,4000
PE,0.940707370171511,0.9456202494563598,0.0026139815327485324,-1.8794621244638579,1.8794621244638579,static_transform_control,linear_AR1_original,3,4000
S_theta,0.7219429815854249,0.7173141300446472,0.007936376767453644,0.5832449336024774,0.5832449336024774,static_transform_control,linear_AR1_original,3,4000
gamma_R,0.243154864209137,0.24524576631552997,0.0046463552471403815,-0.45000909211145873,0.45000909211145873,static_transform_control,linear_AR1_original,3,4000
PE,0.9787442410947229,0.9712861136904691,0.002730502479335439,2.731412060855908,2.731412060855908,static_transform_control,static_square,3,4000
S_theta,0.7140575662452566,0.6962797487221889,0.00882002409376198,2.0156200634010975,2.0156200634010975,static_transform_control,static_square,3,4000
gamma_R,0.09608688608964278,0.11934706314709116,0.007618250151994068,-3.0532178116204363,3.0532178116204363,static_transform_control,static_square,3,4000
PE,0.940707370171511,0.9467782398207838,0.003646989957184666,-1.6646247235512848,1.6646247235512848,static_transform_control,static_exp,3,4000
S_theta,0.652847069797575,0.6589034373440744,0.009928218126949577,-0.6100155606029392,0.6100155606029392,static_transform_control,static_exp,3,4000
gamma_R,0.243154864209137,0.25062941405735456,0.008230700113199032,-0.9081305047466259,0.9081305047466259,static_transform_control,static_exp,3,4000
PE,0.940707370171511,0.9491008226292871,0.002517162781387239,-3.3344893384886234,3.3344893384886234,static_transform_control,static_tanh,3,4000
S_theta,0.7070773198822525,0.7128022703879044,0.006270755718529006,-0.9129602176553729,0.9129602176553729,static_transform_control,static_tanh,3,4000
gamma_R,0.243154864209137,0.24165608873183264,0.0014548215993469445,1.0302125552556798,1.0302125552556798,static_transform_control,static_tanh,3,4000
PE,0.9518232883302805,0.9491836763882685,0.00247431525255647,1.0668050238484184,1.0668050238484184,static_transform_control,linear_AR1_original,4,4000
S_theta,0.7196150773988661,0.7271046482038259,0.007528794055632803,-0.9947902346135188,0.9947902346135188,static_transform_control,linear_AR1_original,4,4000
gamma_R,0.25080099741851325,0.24881768659791678,0.0045734010058563765,0.43366212979285634,0.43366212979285634,static_transform_control,linear_AR1_original,4,4000
PE,0.9824216181400546,0.9738524848117542,0.002419315684900895,3.541965764030238,3.541965764030238,static_transform_control,static_square,4,4000
S_theta,0.7116242527055288,0.7022368372336202,0.009171609410031133,1.0235297920168094,1.0235297920168094,static_transform_control,static_square,4,4000
gamma_R,0.09455830564717482,0.12287576360835273,0.0071009902131756505,-3.987818193107182,3.987818193107182,static_transform_control,static_square,4,4000
PE,0.9518232883302805,0.9473269346573794,0.003521340362344294,1.2768869834291547,1.2768869834291547,static_transform_control,static_exp,4,4000
S_theta,0.6629897345971811,0.6658820012600505,0.008977447550532312,-0.32217026572300633,0.32217026572300633,static_transform_control,static_exp,4,4000
gamma_R,0.25080099741851325,0.2566560204184196,0.007748101686935777,-0.7556719357179623,0.7556719357179623,static_transform_control,static_exp,4,4000
PE,0.9518232883302805,0.9525118162517734,0.00274449115278311,-0.2508763494444717,0.2508763494444717,static_transform_control,static_tanh,4,4000
S_theta,0.7136025177574241,0.7185523179702966,0.006692625903658893,-0.7395901525239025,0.7395901525239025,static_transform_control,static_tanh,4,4000
gamma_R,0.25080099741851325,0.24735985214788234,0.001663897983731152,2.0681227480752353,2.0681227480752353,static_transform_control,static_tanh,4,4000
PE,0.9425020299581388,0.9440477663361729,0.002511210735008346,-0.6155343143788314,0.6155343143788314,static_transform_control,linear_AR1_original,5,4000
S_theta,0.719668921138863,0.7124880049292516,0.007024880274066292,1.0222118996278444,1.0222118996278444,static_transform_control,linear_AR1_original,5,4000
gamma_R,0.2555660689913697,0.25569869736952194,0.004135247714984325,-0.03207265617284985,0.03207265617284985,static_transform_control,linear_AR1_original,5,4000
PE,0.9776855874682379,0.9702344506128638,0.0029348496127667776,2.5388479269810325,2.5388479269810325,static_transform_control,static_square,5,4000
S_theta,0.701733912858189,0.6929064228604477,0.009012283075091495,0.9794954202158903,0.9794954202158903,static_transform_control,static_square,5,4000
gamma_R,0.10209649312248859,0.13280104240535448,0.007667753739950365,-4.004373422021851,4.004373422021851,static_transform_control,static_square,5,4000
PE,0.9425020299581388,0.9434761047501048,0.0033161756541373994,-0.29373437765598687,0.29373437765598687,static_transform_control,static_exp,5,4000
S_theta,0.6531569364934895,0.656429781293645,0.008775973543368306,-0.372932391373117,0.372932391373117,static_transform_control,static_exp,5,4000
gamma_R,0.2555660689913697,0.26213770678722076,0.006467357483890184,-1.0161240989415914,1.0161240989415914,static_transform_control,static_exp,5,4000
PE,0.9425020299581388,0.9467096266794326,0.0025210071560382145,-1.6690141918938695,1.6690141918938695,static_transform_control,static_tanh,5,4000
S_theta,0.7016827892737046,0.7016056634452554,0.00792924127822941,0.009726760195955527,0.009726760195955527,static_transform_control,static_tanh,5,4000
gamma_R,0.2555660689913697,0.2533914439881279,0.00159667657137316,1.3619696325672137,1.3619696325672137,static_transform_control,static_tanh,5,4000
PE,0.9456419002245762,0.9468823050856746,0.0022576981255465847,-0.5494112995279842,0.5494112995279842,static_transform_control,linear_AR1_original,6,4000
S_theta,0.7205218290251344,0.716642373087409,0.0077207826474147406,0.5024692592563064,0.5024692592563064,static_transform_control,linear_AR1_original,6,4000
gamma_R,0.25708145541319993,0.2570209767586459,0.0044405614228311815,0.013619596441815008,0.013619596441815008,static_transform_control,linear_AR1_original,6,4000
PE,0.9787328085851251,0.9740635670472078,0.0023607012475297356,1.9779044649564679,1.9779044649564679,static_transform_control,static_square,6,4000
S_theta,0.7188013669815644,0.7062393280902556,0.009170268737374233,1.369865949523498,1.369865949523498,static_transform_control,static_square,6,4000
gamma_R,0.10513136057092076,0.12094981322202294,0.0066272708536821824,-2.38687281693237,2.38687281693237,static_transform_control,static_square,6,4000
PE,0.9456419002245762,0.9483842251009557,0.0037493335778944403,-0.7314166156214696,0.7314166156214696,static_transform_control,static_exp,6,4000
S_theta,0.6636196957012166,0.6634938397451721,0.008883723786991435,0.014167027145623557,0.014167027145623557,static_transform_control,static_exp,6,4000
gamma_R,0.25708145541319993,0.2667367743868149,0.007549825890796026,-1.2788796871972592,1.2788796871972592,static_transform_control,static_exp,6,4000
PE,0.9456419002245762,0.9485052897317598,0.0025825293967363114,-1.1087538871008809,1.1087538871008809,static_transform_control,static_tanh,6,4000
S_theta,0.7002724269491916,0.7058951563852179,0.007390877037613959,-0.7607661996554598,0.7607661996554598,static_transform_control,static_tanh,6,4000
gamma_R,0.25708145541319993,0.2580070376125534,0.0013498345096903952,-0.685700500845659,0.685700500845659,static_transform_control,static_tanh,6,4000
PE,0.950394756064854,0.9501859486552643,0.0022957271234931207,0.09095480357962249,0.09095480357962249,static_transform_control,linear_AR1_original,7,4000
S_theta,0.7276230026293328,0.7224398127432349,0.007222704503500205,0.717624524661927,0.717624524661927,static_transform_control,linear_AR1_original,7,4000
gamma_R,0.2568859732394384,0.2540428151921992,0.0037353883226368223,0.7611412259361111,0.7611412259361111,static_transform_control,linear_AR1_original,7,4000
PE,0.9824495604559293,0.9712803365502544,0.002532911976608244,4.40963760636933,4.40963760636933,static_transform_control,static_square,7,4000
S_theta,0.7075783523960943,0.6939862649992011,0.00923777651530734,1.4713591928069076,1.4713591928069076,static_transform_control,static_square,7,4000
gamma_R,0.09754541460779598,0.12708750408244948,0.007411984954692108,-3.9857190287403483,3.9857190287403483,static_transform_control,static_square,7,4000
PE,0.950394756064854,0.9503556939580649,0.0032019395530806447,0.012199514119991694,0.012199514119991694,static_transform_control,static_exp,7,4000
S_theta,0.6572261503521281,0.6661355956928177,0.01093235691691708,-0.8149610745787893,0.8149610745787893,static_transform_control,static_exp,7,4000
gamma_R,0.2568859732394384,0.26436077155660753,0.00843673390730984,-0.8859824665908616,0.8859824665908616,static_transform_control,static_exp,7,4000
PE,0.950394756064854,0.9530377554675268,0.002968742944017553,-0.8902755989698569,0.8902755989698569,static_transform_control,static_tanh,7,4000
S_theta,0.7247293744094784,0.7130034526944752,0.006724724642904802,1.7437028782100563,1.7437028782100563,static_transform_control,static_tanh,7,4000
gamma_R,0.2568859732394384,0.25541135482185057,0.0013821811435947705,1.0668778288731788,1.0668778288731788,static_transform_control,static_tanh,7,4000
PE,0.9429051522510542,0.9475806991967255,0.0024575849705598383,-1.9024965572629635,1.9024965572629635,static_transform_control,linear_AR1_original,8,4000
S_theta,0.7063198561133492,0.7118096572377651,0.007463477678781121,-0.7355553752138287,0.7355553752138287,static_transform_control,linear_AR1_original,8,4000
gamma_R,0.26035921352035096,0.2633916856871385,0.004481021192650804,-0.6767368500200375,0.6767368500200375,static_transform_control,linear_AR1_original,8,4000
PE,0.975738146686048,0.9648885047871825,0.0032668058656123186,3.321177426878375,3.321177426878375,static_transform_control,static_square,8,4000
S_theta,0.6811656427146275,0.665556279814075,0.008835939735647147,1.7665764330169866,1.7665764330169866,static_transform_control,static_square,8,4000
gamma_R,0.11038086266365144,0.14176558809914305,0.007256653371572306,-4.324958603981309,4.324958603981309,static_transform_control,static_square,8,4000
PE,0.9429051522510542,0.9431128661706256,0.0033962977281418046,-0.06115892545294093,0.06115892545294093,static_transform_control,static_exp,8,4000
S_theta,0.642491221824918,0.6455498538020654,0.009653865322594329,-0.3168297749077606,0.3168297749077606,static_transform_control,static_exp,8,4000
gamma_R,0.26035921352035096,0.27017369805596714,0.008006552277281594,-1.2258065888690375,1.2258065888690375,static_transform_control,static_exp,8,4000
PE,0.9429051522510542,0.9535858368784159,0.0021983105316128017,-4.858587753535336,4.858587753535336,static_transform_control,static_tanh,8,4000
S_theta,0.6976835080222503,0.7096150311148522,0.0067511087919837065,-1.7673427373544126,1.7673427373544126,static_transform_control,static_tanh,8,4000
gamma_R,0.26035921352035096,0.2576347919184932,0.0014113289638746419,1.930394452033476,1.930394452033476,static_transform_control,static_tanh,8,4000
PE,0.9498836540990987,0.9479519580731152,0.0024826012698528355,0.7780935462495914,0.7780935462495914,static_transform_control,linear_AR1_original,9,4000
S_theta,0.712144375303183,0.7181318827622308,0.0072870074613811,-0.8216689074053798,0.8216689074053798,static_transform_control,linear_AR1_original,9,4000
gamma_R,0.26863309679878256,0.262786334212371,0.003727107460491297,1.5687131772800647,1.5687131772800647,static_transform_control,linear_AR1_original,9,4000
PE,0.9773787627067041,0.9662793300334578,0.003113485805522345,3.5649536778229107,3.5649536778229107,static_transform_control,static_square,9,4000
S_theta,0.7009169598433207,0.6811269707729515,0.00838776820376474,2.359386739071633,2.359386739071633,static_transform_control,static_square,9,4000
gamma_R,0.1129948369296444,0.13231058838405685,0.006341974021035265,-3.045700185832571,3.045700185832571,static_transform_control,static_square,9,4000
PE,0.9498836540990987,0.9483662764374519,0.003262266253175055,0.46512992621924154,0.46512992621924154,static_transform_control,static_exp,9,4000
S_theta,0.652337852120219,0.6669392181409216,0.009062805700728337,-1.6111308686149108,1.6111308686149108,static_transform_control,static_exp,9,4000
gamma_R,0.26863309679878256,0.2612980065221078,0.007580501223243844,0.967626026387732,0.967626026387732,static_transform_control,static_exp,9,4000
PE,0.9498836540990987,0.9515957233565553,0.002918833397909811,-0.586559431135266,0.586559431135266,static_transform_control,static_tanh,9,4000
S_theta,0.6914661258384635,0.7104489967929317,0.007457038761020357,-2.5456312569670505,2.5456312569670505,static_transform_control,static_tanh,9,4000
gamma_R,0.26863309679878256,0.2669525302388053,0.0013573368154557966,1.238135251944038,1.238135251944038,static_transform_control,static_tanh,9,4000
PE,0.9417489142021513,0.9457581838563758,0.002369802544041896,-1.6918159128086219,1.6918159128086219,static_transform_control,linear_AR1_original,10,4000
S_theta,0.7132055236278954,0.718364197446721,0.007892848186672916,-0.6535883747942914,0.6535883747942914,static_transform_control,linear_AR1_original,10,4000
gamma_R,0.25665971469719917,0.2521288818833308,0.004643056615526781,0.9758297580772225,0.9758297580772225,static_transform_control,linear_AR1_original,10,4000
PE,0.9782445388786313,0.9720331550817236,0.0026872536592885393,2.3114244445952874,2.3114244445952874,static_transform_control,static_square,10,4000
S_theta,0.6860393118471763,0.6940648057109969,0.008546961259100285,-0.9389879771919661,0.9389879771919661,static_transform_control,static_square,10,4000
gamma_R,0.09836127751405743,0.11625303788272506,0.006796307223270257,-2.6325708625129587,2.6325708625129587,static_transform_control,static_square,10,4000
PE,0.9417489142021513,0.9446100318748976,0.0035652414835570957,-0.8025031925443759,0.8025031925443759,static_transform_control,static_exp,10,4000
S_theta,0.6478075564140428,0.6610809760820205,0.008716340564209757,-1.5228202214218085,1.5228202214218085,static_transform_control,static_exp,10,4000
gamma_R,0.25665971469719917,0.2531666713339664,0.008401456509332062,0.41576640423631217,0.41576640423631217,static_transform_control,static_exp,10,4000
PE,0.9417489142021513,0.948920573674693,0.002557575529004101,-2.8040851154586233,2.8040851154586233,static_transform_control,static_tanh,10,4000
S_theta,0.6990324778078583,0.7076642121283213,0.006879687441934507,-1.2546695461554107,1.2546695461554107,static_transform_control,static_tanh,10,4000
gamma_R,0.25665971469719917,0.25527933941314257,0.0013815130106776825,0.999176463332384,0.999176463332384,static_transform_control,static_tanh,10,4000
PE,0.9455354294494752,0.9421150999399472,0.002711715853779121,1.2613156001434702,1.2613156001434702,static_transform_control,linear_AR1_original,11,4000
S_theta,0.7005463904101477,0.7064994260382141,0.007169834613740147,-0.8302891138741455,0.8302891138741455,static_transform_control,linear_AR1_original,11,4000
gamma_R,0.26122839996633207,0.2585206025466802,0.003998696911060791,0.677169958083556,0.677169958083556,static_transform_control,linear_AR1_original,11,4000
PE,0.9786249799671602,0.9679577992437981,0.0028716696831827863,3.714626645895876,3.714626645895876,static_transform_control,static_square,11,4000
S_theta,0.684111541034643,0.6735194179519014,0.009890315760944094,1.0709590410216099,1.0709590410216099,static_transform_control,static_square,11,4000
gamma_R,0.10112856168675766,0.13236575681495177,0.0076553751095297,-4.080426456086897,4.080426456086897,static_transform_control,static_square,11,4000
PE,0.9455354294494752,0.9387338896320742,0.003764851254280927,1.8065892536038926,1.8065892536038926,static_transform_control,static_exp,11,4000
S_theta,0.6368324357309287,0.6434517287628931,0.008688967083366566,-0.7618043627574357,0.7618043627574357,static_transform_control,static_exp,11,4000
gamma_R,0.26122839996633207,0.25966606064006686,0.007681901441600131,0.20337924641998165,0.20337924641998165,static_transform_control,static_exp,11,4000
PE,0.9455354294494752,0.9471027493894475,0.0027576122424113887,-0.5683612495866127,0.5683612495866127,static_transform_control,static_tanh,11,4000
S_theta,0.6865964979407925,0.7022494808513557,0.007409796181394939,-2.112471453650228,2.112471453650228,static_transform_control,static_tanh,11,4000
gamma_R,0.26122839996633207,0.2576428293088959,0.001532561130149667,2.3395938908394363,2.3395938908394363,static_transform_control,static_tanh,11,4000
PE,0.9473310416866488,0.9445600772059709,0.002164595084441514,1.2801306353298236,1.2801306353298236,static_transform_control,linear_AR1_original,12,4000
S_theta,0.7128308527063506,0.7144138879055915,0.007306798408137369,-0.21665237095878767,0.21665237095878767,static_transform_control,linear_AR1_original,12,4000
gamma_R,0.2578405302469141,0.26739103586429835,0.004831666995698707,-1.976648147706865,1.976648147706865,static_transform_control,linear_AR1_original,12,4000
PE,0.9793573450285541,0.9640304901717295,0.002626453103559013,5.8355714922363315,5.8355714922363315,static_transform_control,static_square,12,4000
S_theta,0.6787286256085392,0.6504615689142759,0.009227974855209233,3.0631917769375416,3.0631917769375416,static_transform_control,static_square,12,4000
gamma_R,0.10828266514919127,0.1615786792583377,0.007765847106510115,-6.862871928610123,6.862871928610123,static_transform_control,static_square,12,4000
PE,0.9473310416866488,0.9421190852288879,0.0034749546481682952,1.4998631595115246,1.4998631595115246,static_transform_control,static_exp,12,4000
S_theta,0.6540386974398554,0.642435400401242,0.010032972892238586,1.1565163350126864,1.1565163350126864,static_transform_control,static_exp,12,4000
gamma_R,0.2578405302469141,0.28468478264475133,0.007918263587393424,-3.3901690820921453,3.3901690820921453,static_transform_control,static_exp,12,4000
PE,0.9473310416866488,0.9517382834703263,0.002468461434618812,-1.7854205546290185,1.7854205546290185,static_transform_control,static_tanh,12,4000
S_theta,0.695943404586345,0.7147183054891889,0.0065087117342393554,-2.8845801856729625,2.8845801856729625,static_transform_control,static_tanh,12,4000
gamma_R,0.2578405302469141,0.2528886509688881,0.001543031323250748,3.20918908346836,3.20918908346836,static_transform_control,static_tanh,12,4000
PE,0.9510685738747006,0.9493216463786801,0.002193036819697604,0.7965791911607479,0.7965791911607479,static_transform_control,linear_AR1_original,13,4000
S_theta,0.7259463116438942,0.7227012129389082,0.0061377017719065384,0.5287156048929369,0.5287156048929369,static_transform_control,linear_AR1_original,13,4000
gamma_R,0.25160552618839815,0.25177531040396506,0.004457747292645995,-0.038087447408021335,0.038087447408021335,static_transform_control,linear_AR1_original,13,4000
PE,0.9807945546706944,0.9764761550421938,0.002139820877237751,2.018112672157493,2.018112672157493,static_transform_control,static_square,13,4000
S_theta,0.7036064586075913,0.6990150407120038,0.009015179281704823,0.5092985676840822,0.5092985676840822,static_transform_control,static_square,13,4000
gamma_R,0.09745987756949193,0.12103070465428717,0.00742655485190713,-3.1738575362090384,3.1738575362090384,static_transform_control,static_square,13,4000
PE,0.9510685738747006,0.9505609330231273,0.003456404099109158,0.14686964747673034,0.14686964747673034,static_transform_control,static_exp,13,4000
S_theta,0.6649867080147701,0.6660122762120793,0.010176523052875008,-0.10077785821154393,0.10077785821154393,static_transform_control,static_exp,13,4000
gamma_R,0.25160552618839815,0.26128237461282283,0.008448752897860899,-1.14535820154886,1.14535820154886,static_transform_control,static_exp,13,4000
PE,0.9510685738747006,0.9517946822351856,0.0028568044899487414,-0.25416802691249696,0.25416802691249696,static_transform_control,static_tanh,13,4000
S_theta,0.7089243679090502,0.7135312023049688,0.007504069790611875,-0.6139114539795535,0.6139114539795535,static_transform_control,static_tanh,13,4000
gamma_R,0.25160552618839815,0.2477662778927425,0.0014504545216382785,2.6469277308462256,2.6469277308462256,static_transform_control,static_tanh,13,4000
PE,0.948222740810253,0.9459763532303556,0.002301153502108984,0.9762006653787713,0.9762006653787713,static_transform_control,linear_AR1_original,14,4000
S_theta,0.7118098732332764,0.7138047962669706,0.008027968137358241,-0.24849663072413042,0.24849663072413042,static_transform_control,linear_AR1_original,14,4000
gamma_R,0.26024027372431624,0.26210819718713596,0.003851808969709596,-0.4849470670817175,0.4849470670817175,static_transform_control,linear_AR1_original,14,4000
PE,0.9816820457890416,0.9684546433978773,0.0026390234661564423,5.012233714779762,5.012233714779762,static_transform_control,static_square,14,4000
S_theta,0.6987999096654806,0.6754951073593802,0.009187471554770532,2.536584975220899,2.536584975220899,static_transform_control,static_square,14,4000
gamma_R,0.09766817205387246,0.14638494492338908,0.008129912302004251,-5.992287623755372,5.992287623755372,static_transform_control,static_square,14,4000
PE,0.948222740810253,0.9503439186126653,0.003698050940053406,-0.5735934514686929,0.5735934514686929,static_transform_control,static_exp,14,4000
S_theta,0.6612256225788612,0.6683411368495134,0.0090389031209122,-0.7872099275176283,0.7872099275176283,static_transform_control,static_exp,14,4000
gamma_R,0.26024027372431624,0.2555485457666957,0.007248820761214483,0.647240166666013,0.647240166666013,static_transform_control,static_exp,14,4000
PE,0.948222740810253,0.9492081985735422,0.00282236331163523,-0.34916049228198737,0.34916049228198737,static_transform_control,static_tanh,14,4000
S_theta,0.7092785296859555,0.7057633593830676,0.00609413179375431,0.5768123207460889,0.5768123207460889,static_transform_control,static_tanh,14,4000
gamma_R,0.26024027372431624,0.2592038198461058,0.001281750599740031,0.808623673295459,0.808623673295459,static_transform_control,static_tanh,14,4000
PE,0.9452717684019645,0.9451527315835342,0.0024080591345538266,0.04943268075197844,0.04943268075197844,static_transform_control,linear_AR1_original,15,4000
S_theta,0.7207560459516293,0.7135058950150892,0.007165039928023492,1.011878650973564,1.011878650973564,static_transform_control,linear_AR1_original,15,4000
gamma_R,0.2574080915486521,0.2620637508172186,0.004681022729788203,-0.9945816410887597,0.9945816410887597,static_transform_control,linear_AR1_original,15,4000
PE,0.9802299376719927,0.9662625308928561,0.0029821827206949632,4.6836187072674464,4.6836187072674464,static_transform_control,static_square,15,4000
S_theta,0.6962344667173028,0.6658823241213319,0.01060369473277351,2.862411957424583,2.862411957424583,static_transform_control,static_square,15,4000
gamma_R,0.10457752527922082,0.14859381254945705,0.008520761618365123,-5.165769122723285,5.165769122723285,static_transform_control,static_square,15,4000
PE,0.9452717684019645,0.9422383424423573,0.0032568107689939963,0.9314099512586074,0.9314099512586074,static_transform_control,static_exp,15,4000
S_theta,0.6459005700360027,0.6426347942204571,0.009106574544791956,0.3586173702836751,0.3586173702836751,static_transform_control,static_exp,15,4000
gamma_R,0.2574080915486521,0.2785530819596417,0.00763381269587914,-2.7699121334748003,2.7699121334748003,static_transform_control,static_exp,15,4000
PE,0.9452717684019645,0.9495401771578582,0.002658677351755884,-1.6054632402366278,1.6054632402366278,static_transform_control,static_tanh,15,4000
S_theta,0.7003104819014194,0.7094036899834191,0.007032785529183606,-1.2929738926725416,1.2929738926725416,static_transform_control,static_tanh,15,4000
gamma_R,0.2574080915486521,0.25554022881939814,0.001288952812850084,1.4491319702571464,1.4491319702571464,static_transform_control,static_tanh,15,4000
PE,0.9455228625792444,0.9470779707554126,0.0021156435609735267,-0.7350520687201745,0.7350520687201745,static_transform_control,linear_AR1_original,16,4000
S_theta,0.7215660814776457,0.716666682748754,0.007583281336051459,0.646078987680383,0.646078987680383,static_transform_control,linear_AR1_original,16,4000
gamma_R,0.2671337775417101,0.2605090998817298,0.004165034577445999,1.5905456573766348,1.5905456573766348,static_transform_control,linear_AR1_original,16,4000
PE,0.978469869906964,0.9699594883182467,0.002726559504592023,3.121289513170087,3.121289513170087,static_transform_control,static_square,16,4000
S_theta,0.6931140607202881,0.6882120466814671,0.010167884321928557,0.48210757357350575,0.48210757357350575,static_transform_control,static_square,16,4000
gamma_R,0.10963121397961684,0.13090443920376008,0.008252293152676895,-2.5778562189398944,2.5778562189398944,static_transform_control,static_square,16,4000
PE,0.9455228625792444,0.947138949392671,0.0032140209591704732,-0.5028239809125623,0.5028239809125623,static_transform_control,static_exp,16,4000
S_theta,0.656758388004642,0.6636823433821598,0.007788709111816355,-0.8889734201285487,0.8889734201285487,static_transform_control,static_exp,16,4000
gamma_R,0.2671337775417101,0.2577026415635074,0.00690927482653406,1.3649965032486138,1.3649965032486138,static_transform_control,static_exp,16,4000
PE,0.9455228625792444,0.9499820198561872,0.002611430968991671,-1.7075531882294286,1.7075531882294286,static_transform_control,static_tanh,16,4000
S_theta,0.7104948209789366,0.7046974759710801,0.007354568829215682,0.7882644302446071,0.7882644302446071,static_transform_control,static_tanh,16,4000
gamma_R,0.2671337775417101,0.2652886956167531,0.0011775114313557547,1.566933344190632,1.566933344190632,static_transform_control,static_tanh,16,4000
PE,0.947637874569712,0.9470495587507738,0.0021371343970067163,0.2752825558197253,0.2752825558197253,static_transform_control,linear_AR1_original,17,4000
S_theta,0.7115577370178743,0.7225518023219935,0.007183635906927473,-1.5304318657794371,1.5304318657794371,static_transform_control,linear_AR1_original,17,4000
gamma_R,0.24678993175616037,0.24916862647559695,0.0038123150657953645,-0.623950192568964,0.623950192568964,static_transform_control,linear_AR1_original,17,4000
PE,0.9782227578156638,0.968411085207008,0.002846664372971058,3.4467261760174988,3.4467261760174988,static_transform_control,static_square,17,4000
S_theta,0.7040626935727936,0.6842152419645875,0.008776192437611833,2.2615105296855793,2.2615105296855793,static_transform_control,static_square,17,4000
gamma_R,0.09190648093349862,0.12670003595467338,0.006757194010196999,-5.149112925967385,5.149112925967385,static_transform_control,static_square,17,4000
PE,0.947637874569712,0.9442024317863758,0.003790124163447521,0.9064195881676328,0.9064195881676328,static_transform_control,static_exp,17,4000
S_theta,0.6619913929750497,0.6621003443020732,0.009676687468578377,-0.01125915530260418,0.01125915530260418,static_transform_control,static_exp,17,4000
gamma_R,0.24678993175616037,0.2523356033803611,0.008225446393957388,-0.6742091989408265,0.6742091989408265,static_transform_control,static_exp,17,4000
PE,0.947637874569712,0.9526066513562168,0.0025633171522030057,-1.9384167043997718,1.9384167043997718,static_transform_control,static_tanh,17,4000
S_theta,0.7152256014920451,0.7150210264220853,0.007234450599241862,0.028277899911457464,0.028277899911457464,static_transform_control,static_tanh,17,4000
gamma_R,0.24678993175616037,0.24610086707998532,0.0014969655665328142,0.4603076327072918,0.4603076327072918,static_transform_control,static_tanh,17,4000
PE,0.9447303097798319,0.9438170588621954,0.0027329980488629523,0.3341571787862972,0.3341571787862972,static_transform_control,linear_AR1_original,18,4000
S_theta,0.7060446508231608,0.7077043989325991,0.007343707456885283,-0.22600956249722515,0.22600956249722515,static_transform_control,linear_AR1_original,18,4000
gamma_R,0.2587208213430505,0.260631411837554,0.0038921693296711185,-0.4908806202079921,0.4908806202079921,static_transform_control,linear_AR1_original,18,4000
PE,0.9792018874339973,0.9689177646260201,0.002919495951114993,3.5225679295939947,3.5225679295939947,static_transform_control,static_square,18,4000
S_theta,0.6964065254704501,0.6796321471471762,0.009097894922211618,1.8437647902836167,1.8437647902836167,static_transform_control,static_square,18,4000
gamma_R,0.10439619565096014,0.13622452781226205,0.007517050330179625,-4.234151796685036,4.234151796685036,static_transform_control,static_square,18,4000
PE,0.9447303097798319,0.9425775212616199,0.0032406425443784336,0.6643091574374496,0.6643091574374496,static_transform_control,static_exp,18,4000
S_theta,0.6424254299900508,0.6420521937735241,0.008846334501504837,0.04219105850714206,0.04219105850714206,static_transform_control,static_exp,18,4000
gamma_R,0.2587208213430505,0.2710762989521614,0.007482003168039263,-1.6513595799971785,1.6513595799971785,static_transform_control,static_exp,18,4000
PE,0.9447303097798319,0.9469803655442587,0.0025915543212421746,-0.868226355891448,0.868226355891448,static_transform_control,static_tanh,18,4000
S_theta,0.6991708107342572,0.7022847170552966,0.0074468062900009185,-0.4181532592328217,0.4181532592328217,static_transform_control,static_tanh,18,4000
gamma_R,0.2587208213430505,0.25798259345385405,0.0014917361293814893,0.49487833314231117,0.49487833314231117,static_transform_control,static_tanh,18,4000
PE,0.944651893166675,0.9436418181882159,0.0028709661687590705,0.3518240616870983,0.3518240616870983,static_transform_control,linear_AR1_original,19,4000
S_theta,0.7256234388997913,0.7140659390922441,0.008294183073526874,1.3934464316848816,1.3934464316848816,static_transform_control,linear_AR1_original,19,4000
gamma_R,0.2524651363346475,0.2495350843206457,0.0037770218734135266,0.7757572267787128,0.7757572267787128,static_transform_control,linear_AR1_original,19,4000
PE,0.9772353343693251,0.9716295206496208,0.0026935150870040893,2.0812260331310872,2.0812260331310872,static_transform_control,static_square,19,4000
S_theta,0.705394144819401,0.6894530629744182,0.009246610282201634,1.7239919666201369,1.7239919666201369,static_transform_control,static_square,19,4000
gamma_R,0.09879946120793237,0.12013828202168825,0.006109801328347595,-3.4925555950158844,3.4925555950158844,static_transform_control,static_square,19,4000
PE,0.944651893166675,0.9420705706382426,0.0032762351109708694,0.7878929444924389,0.7878929444924389,static_transform_control,static_exp,19,4000
S_theta,0.6536161865425082,0.6520363046695925,0.009771051861130507,0.16169005091463076,0.16169005091463076,static_transform_control,static_exp,19,4000
gamma_R,0.2524651363346475,0.2554966510004255,0.007975168770533832,-0.3801191865655128,0.3801191865655128,static_transform_control,static_exp,19,4000
PE,0.944651893166675,0.9473892024058,0.0028469801432815427,-0.9614781633039219,0.9614781633039219,static_transform_control,static_tanh,19,4000
S_theta,0.7123795365660859,0.7057840749611968,0.006835991139351337,0.9648142413354484,0.9648142413354484,static_transform_control,static_tanh,19,4000
gamma_R,0.2524651363346475,0.2499031173924304,0.0014375923817372604,1.7821595152869647,1.7821595152869647,static_transform_control,static_tanh,19,4000
