measure,obs,mu_null,sigma_null,Z,absZ,experiment,epsilon,rep,N
PE,0.9645096915306361,0.9655174096552495,0.0020249284531483874,-0.4976561631333177,0.4976561631333177,mixed_linear_nonlinear,0.0,0,4000
S_theta,0.7689676483550663,0.7713763241741678,0.007021799668746206,-0.3430282737661216,0.3430282737661216,mixed_linear_nonlinear,0.0,0,4000
gamma_R,0.14129009396545744,0.14036506722379108,0.0031496858501662436,0.29368857266115567,0.29368857266115567,mixed_linear_nonlinear,0.0,0,4000
PE,0.9663691279675102,0.9654848074949268,0.001930899862638914,0.45798360116654413,0.45798360116654413,mixed_linear_nonlinear,0.0,1,4000
S_theta,0.7741357332190915,0.7730601251119006,0.006868462334946974,0.15660100539798283,0.15660100539798283,mixed_linear_nonlinear,0.0,1,4000
gamma_R,0.13126446740238862,0.13088427428894284,0.0033449147113037135,0.11366302170903408,0.11366302170903408,mixed_linear_nonlinear,0.0,1,4000
PE,0.9699841746888731,0.9710647999143407,0.0015409778924268473,-0.7012593955944049,0.7012593955944049,mixed_linear_nonlinear,0.0,2,4000
S_theta,0.7742392267572121,0.7815089346507067,0.007061718285174221,-1.0294531160719078,1.0294531160719078,mixed_linear_nonlinear,0.0,2,4000
gamma_R,0.12550141127223025,0.12229286402268719,0.003551129048359434,0.9035287667243063,0.9035287667243063,mixed_linear_nonlinear,0.0,2,4000
PE,0.9707792205403346,0.9691068710894277,0.0019167854676300775,0.8724760695178817,0.8724760695178817,mixed_linear_nonlinear,0.0,3,4000
S_theta,0.7779748623252043,0.7836714223058847,0.006740410166964581,-0.8451355094976003,0.8451355094976003,mixed_linear_nonlinear,0.0,3,4000
gamma_R,0.12157557280714693,0.12612817010835284,0.003439048752415412,-1.323795511188494,1.323795511188494,mixed_linear_nonlinear,0.0,3,4000
PE,0.9678515609812697,0.9670536659283742,0.0018678338608773028,0.4271766721911503,0.4271766721911503,mixed_linear_nonlinear,0.0,4,4000
S_theta,0.7856598330548177,0.7800239271868057,0.00639600703717278,0.8811600480200887,0.8811600480200887,mixed_linear_nonlinear,0.0,4,4000
gamma_R,0.14165682045458783,0.136473764952279,0.003391563696693862,1.5282200087709783,1.5282200087709783,mixed_linear_nonlinear,0.0,4,4000
PE,0.9636995868610407,0.9645021551055365,0.0020089028186924133,-0.39950575858027265,0.39950575858027265,mixed_linear_nonlinear,0.0,5,4000
S_theta,0.7589446400833244,0.7678038676886146,0.007386925152783708,-1.1993119494315843,1.1993119494315843,mixed_linear_nonlinear,0.0,5,4000
gamma_R,0.14592859713407214,0.13704319889338656,0.003035036867691936,2.9276080087431287,2.9276080087431287,mixed_linear_nonlinear,0.0,5,4000
PE,0.9741289495231167,0.9704551240988742,0.001964704007030078,1.8699129289179461,1.8699129289179461,mixed_linear_nonlinear,0.0,6,4000
S_theta,0.7931679023342021,0.7828942726746072,0.00671823642794729,1.529215259060765,1.529215259060765,mixed_linear_nonlinear,0.0,6,4000
gamma_R,0.12606378625283066,0.13108263881161528,0.0037406916621705415,-1.3416910593139943,1.3416910593139943,mixed_linear_nonlinear,0.0,6,4000
PE,0.968354909453076,0.9657203772963916,0.001697492698024303,1.5520138376740704,1.5520138376740704,mixed_linear_nonlinear,0.0,7,4000
S_theta,0.7763451447126454,0.7771933897443752,0.00715100045437398,-0.11861907115542536,0.11861907115542536,mixed_linear_nonlinear,0.0,7,4000
gamma_R,0.13755668626453277,0.1381017177183467,0.003399005107003492,-0.1603502897630016,0.1603502897630016,mixed_linear_nonlinear,0.0,7,4000
PE,0.9642664961049315,0.9651923169156056,0.001873122681524867,-0.4942659761721318,0.4942659761721318,mixed_linear_nonlinear,0.0,8,4000
S_theta,0.7572832117448247,0.7715655930635047,0.007579986434993919,-1.884222543294227,1.884222543294227,mixed_linear_nonlinear,0.0,8,4000
gamma_R,0.13694288029540336,0.1354616737828634,0.0037680339984847654,0.3930979691625933,0.3930979691625933,mixed_linear_nonlinear,0.0,8,4000
PE,0.9702688091499817,0.9682293629491674,0.0017097505461261165,1.1928326067420798,1.1928326067420798,mixed_linear_nonlinear,0.0,9,4000
S_theta,0.7974401345916825,0.778606121287132,0.00654036389986295,2.8796583176274235,2.8796583176274235,mixed_linear_nonlinear,0.0,9,4000
gamma_R,0.13850738640296856,0.13776379321286236,0.0038267791093065683,0.19431306821389496,0.19431306821389496,mixed_linear_nonlinear,0.0,9,4000
PE,0.9683561173542844,0.9665258366177397,0.0016939496081212998,1.0804812184316253,1.0804812184316253,mixed_linear_nonlinear,0.0,10,4000
S_theta,0.7768512854500954,0.7765432815769864,0.007013163460067333,0.04391796581710838,0.04391796581710838,mixed_linear_nonlinear,0.0,10,4000
gamma_R,0.14883868330061933,0.1468434785109123,0.0035596171581157338,0.560511060903857,0.560511060903857,mixed_linear_nonlinear,0.0,10,4000
PE,0.9705442238530614,0.9691103867947432,0.0016140284462374049,0.8883592241888726,0.8883592241888726,mixed_linear_nonlinear,0.0,11,4000
S_theta,0.7760963324075862,0.7835765589655831,0.006425194124561727,-1.1642024214337785,1.1642024214337785,mixed_linear_nonlinear,0.0,11,4000
gamma_R,0.12981153743132856,0.12644777755860004,0.0038829356722315193,0.8662929692047596,0.8662929692047596,mixed_linear_nonlinear,0.0,11,4000
PE,0.9642465138082152,0.9662753679506104,0.0019071539422820525,-1.0638124681049606,1.0638124681049606,mixed_linear_nonlinear,0.0,12,4000
S_theta,0.7656487198631783,0.774822939623657,0.007327173097261307,-1.252081756319881,1.252081756319881,mixed_linear_nonlinear,0.0,12,4000
gamma_R,0.13417374286600348,0.13360178242959062,0.0036953240405016045,0.15477950787103975,0.15477950787103975,mixed_linear_nonlinear,0.0,12,4000
PE,0.974182061537126,0.9700080577118457,0.001673910793641959,2.4935640782857176,2.4935640782857176,mixed_linear_nonlinear,0.0,13,4000
S_theta,0.7856700270780439,0.7812117356677749,0.006403472842629926,0.6962302362850272,0.6962302362850272,mixed_linear_nonlinear,0.0,13,4000
gamma_R,0.1380128761817977,0.13363996148924825,0.003883135520267089,1.1261298169291456,1.1261298169291456,mixed_linear_nonlinear,0.0,13,4000
PE,0.966782782976096,0.9666247574047366,0.002093487449783244,0.07548436527561533,0.07548436527561533,mixed_linear_nonlinear,0.0,14,4000
S_theta,0.7759640008730793,0.7764041190567811,0.00758769911893393,-0.058004169222205186,0.058004169222205186,mixed_linear_nonlinear,0.0,14,4000
gamma_R,0.1392066896172347,0.14114548795285672,0.0036345690275427786,-0.53343280067865,0.53343280067865,mixed_linear_nonlinear,0.0,14,4000
PE,0.966513514425903,0.9663059134579783,0.001902691951473107,0.1091090797771996,0.1091090797771996,mixed_linear_nonlinear,0.0,15,4000
S_theta,0.7766784659719486,0.7768882038518329,0.006084882544690893,-0.03446868174428734,0.03446868174428734,mixed_linear_nonlinear,0.0,15,4000
gamma_R,0.12715201660881803,0.12942696424303834,0.003556432301761051,-0.6396712888626674,0.6396712888626674,mixed_linear_nonlinear,0.0,15,4000
PE,0.9660136995155004,0.9680514701921255,0.0017866517299086019,-1.1405528243208722,1.1405528243208722,mixed_linear_nonlinear,0.0,16,4000
S_theta,0.7699949053530482,0.7757405997187183,0.007131743526312991,-0.8056507282505468,0.8056507282505468,mixed_linear_nonlinear,0.0,16,4000
gamma_R,0.14107608454538179,0.13818218312860864,0.0034363502585989594,0.8421439023951609,0.8421439023951609,mixed_linear_nonlinear,0.0,16,4000
PE,0.9659509338714821,0.9676838951253077,0.0019337543909529107,-0.8961640950543053,0.8961640950543053,mixed_linear_nonlinear,0.0,17,4000
S_theta,0.7682815398065219,0.7732995110980372,0.005898173899924937,-0.8507669283164281,0.8507669283164281,mixed_linear_nonlinear,0.0,17,4000
gamma_R,0.1349258594689483,0.13553897825940284,0.004008057695350499,-0.15297154808070063,0.15297154808070063,mixed_linear_nonlinear,0.0,17,4000
PE,0.9659303274255006,0.9645348480179561,0.0017465385805913835,0.7989971839453793,0.7989971839453793,mixed_linear_nonlinear,0.0,18,4000
S_theta,0.7762009700700846,0.7724736392316939,0.006390257485868019,0.5832833569904918,0.5832833569904918,mixed_linear_nonlinear,0.0,18,4000
gamma_R,0.13546090496565244,0.13838652912688867,0.0032549512076196414,-0.8988227394584372,0.8988227394584372,mixed_linear_nonlinear,0.0,18,4000
PE,0.9704106568718196,0.9687159665331074,0.0016878254878816554,1.0040672752484194,1.0040672752484194,mixed_linear_nonlinear,0.0,19,4000
S_theta,0.7853088997856577,0.7821844584735311,0.00548429924769274,0.5697065697939414,0.5697065697939414,mixed_linear_nonlinear,0.0,19,4000
gamma_R,0.15252177907396802,0.14860694362975746,0.004038077576109463,0.9694799989410704,0.9694799989410704,mixed_linear_nonlinear,0.0,19,4000
PE,0.9597322499159632,0.9615913768788414,0.0018893023844906648,-0.9840282731551552,0.9840282731551552,mixed_linear_nonlinear,0.1,0,4000
S_theta,0.7543786343098045,0.7655695698537813,0.006054965964383137,-1.8482243516817154,1.8482243516817154,mixed_linear_nonlinear,0.1,0,4000
gamma_R,0.17506008399498285,0.16839401695139497,0.0037155366163244903,1.7941061364595394,1.7941061364595394,mixed_linear_nonlinear,0.1,0,4000
PE,0.9623494612124296,0.9615809736157989,0.002196679411306061,0.3498405787733114,0.3498405787733114,mixed_linear_nonlinear,0.1,1,4000
S_theta,0.7539089302781722,0.7633521387955841,0.008157253637756953,-1.1576455675844997,1.1576455675844997,mixed_linear_nonlinear,0.1,1,4000
gamma_R,0.1630925716183711,0.15893011080211727,0.0038097160100306966,1.092590840181886,1.092590840181886,mixed_linear_nonlinear,0.1,1,4000
PE,0.9567552176920258,0.9595526941963459,0.0021991651646047733,-1.2720629397669254,1.2720629397669254,mixed_linear_nonlinear,0.1,2,4000
S_theta,0.7641314162933033,0.759279096092564,0.007056893668988053,0.6876000161463448,0.6876000161463448,mixed_linear_nonlinear,0.1,2,4000
gamma_R,0.17194237294330028,0.16545737043774994,0.0041352299992031775,1.5682326029749118,1.5682326029749118,mixed_linear_nonlinear,0.1,2,4000
PE,0.9607618373580971,0.9572342031338414,0.0021469188853042395,1.6431148136999667,1.6431148136999667,mixed_linear_nonlinear,0.1,3,4000
S_theta,0.7551678845635356,0.7546572512981184,0.0069785320216684725,0.07317201724253602,0.07317201724253602,mixed_linear_nonlinear,0.1,3,4000
gamma_R,0.18606825081519385,0.17384060921137512,0.0038803715639394378,3.151152254967295,3.151152254967295,mixed_linear_nonlinear,0.1,3,4000
PE,0.9599205393342771,0.9609049685779376,0.002235931205189524,-0.4402770717523246,0.4402770717523246,mixed_linear_nonlinear,0.1,4,4000
S_theta,0.7774316976165127,0.7637181161610163,0.006269312234669046,2.1874140164308353,2.1874140164308353,mixed_linear_nonlinear,0.1,4,4000
gamma_R,0.17865352922481115,0.16913304579420438,0.0036033693059523667,2.6421059353755347,2.6421059353755347,mixed_linear_nonlinear,0.1,4,4000
PE,0.9621489938611519,0.9609102829412202,0.0023174912056464114,0.534505122139725,0.534505122139725,mixed_linear_nonlinear,0.1,5,4000
S_theta,0.7479473260005868,0.7624899370607942,0.007009390949297272,-2.074732478956014,2.074732478956014,mixed_linear_nonlinear,0.1,5,4000
gamma_R,0.19701061103702344,0.1844789279997042,0.0038867440645583566,3.224211018057655,3.224211018057655,mixed_linear_nonlinear,0.1,5,4000
PE,0.963069545828618,0.9598326215644302,0.002514733678475632,1.2871837252165843,1.2871837252165843,mixed_linear_nonlinear,0.1,6,4000
S_theta,0.7709928937941138,0.7654632425673941,0.00701884137617019,0.7878296331775795,0.7878296331775795,mixed_linear_nonlinear,0.1,6,4000
gamma_R,0.18322590512811043,0.1728477012343715,0.003570425320750681,2.906713615720418,2.906713615720418,mixed_linear_nonlinear,0.1,6,4000
PE,0.9641951377302277,0.9636326548344363,0.0017924042208545654,0.3138147574341468,0.3138147574341468,mixed_linear_nonlinear,0.1,7,4000
S_theta,0.7555821684085405,0.7687262458226995,0.007347095441200575,-1.7890168324819213,1.7890168324819213,mixed_linear_nonlinear,0.1,7,4000
gamma_R,0.18402314889952143,0.16673330547845985,0.0032714816302471658,5.285019258920705,5.285019258920705,mixed_linear_nonlinear,0.1,7,4000
PE,0.9573894990050997,0.9588506013733908,0.0024110047212130095,-0.6060138976235646,0.6060138976235646,mixed_linear_nonlinear,0.1,8,4000
S_theta,0.75936930081569,0.7615676082058546,0.006297633730918804,-0.34906879061127166,0.34906879061127166,mixed_linear_nonlinear,0.1,8,4000
gamma_R,0.18297645639233806,0.17341200354427602,0.003382339904813255,2.8277621756616766,2.8277621756616766,mixed_linear_nonlinear,0.1,8,4000
PE,0.9612501620914333,0.9598419988235507,0.0021562478274754293,0.6530618836756458,0.6530618836756458,mixed_linear_nonlinear,0.1,9,4000
S_theta,0.7654379505071679,0.7596100456237507,0.006618724150562755,0.8805178688284973,0.8805178688284973,mixed_linear_nonlinear,0.1,9,4000
gamma_R,0.179546666058798,0.16779051420478275,0.0036645830279530152,3.2080462536503265,3.2080462536503265,mixed_linear_nonlinear,0.1,9,4000
PE,0.9609448406646547,0.9596751006578027,0.002190955578186396,0.5795370839526712,0.5795370839526712,mixed_linear_nonlinear,0.1,10,4000
S_theta,0.7575218741937831,0.760135601795538,0.00695548558919542,-0.3757793137857924,0.3757793137857924,mixed_linear_nonlinear,0.1,10,4000
gamma_R,0.181882652694215,0.17415505408512666,0.003943875895492327,1.9593919316580513,1.9593919316580513,mixed_linear_nonlinear,0.1,10,4000
PE,0.9630198150440671,0.9608186451668521,0.0019436487664722616,1.1324936455520775,1.1324936455520775,mixed_linear_nonlinear,0.1,11,4000
S_theta,0.7558324804497993,0.7643190773423185,0.007025810923719301,-1.2079170624800384,1.2079170624800384,mixed_linear_nonlinear,0.1,11,4000
gamma_R,0.17263285774554626,0.1667839803356725,0.004144973897498454,1.4110770187005641,1.4110770187005641,mixed_linear_nonlinear,0.1,11,4000
PE,0.9605645153701604,0.9642637163070256,0.0017661620433515705,-2.0944855829000484,2.0944855829000484,mixed_linear_nonlinear,0.1,12,4000
S_theta,0.7693605576610221,0.7693081973299642,0.00586249927888638,0.008931400852601473,0.008931400852601473,mixed_linear_nonlinear,0.1,12,4000
gamma_R,0.16129605820590454,0.1562095908420155,0.0037549827717612842,1.354591398432228,1.354591398432228,mixed_linear_nonlinear,0.1,12,4000
PE,0.957412858379645,0.9615474062642541,0.002042239933382856,-2.0245162270235553,2.0245162270235553,mixed_linear_nonlinear,0.1,13,4000
S_theta,0.7543309129319704,0.7596241206352454,0.0067401136491646715,-0.7853291470732134,0.7853291470732134,mixed_linear_nonlinear,0.1,13,4000
gamma_R,0.17609233600320773,0.16674792314698178,0.003885357993100874,2.4050326566608717,2.4050326566608717,mixed_linear_nonlinear,0.1,13,4000
PE,0.9594087606183059,0.9595713340682559,0.002068862848644227,-0.07858106691630307,0.07858106691630307,mixed_linear_nonlinear,0.1,14,4000
S_theta,0.7664798196195164,0.7600524907315663,0.006417060286166631,1.0016002034148817,1.0016002034148817,mixed_linear_nonlinear,0.1,14,4000
gamma_R,0.17227024843906136,0.16291237925960497,0.004212532813416721,2.2214353202548374,2.2214353202548374,mixed_linear_nonlinear,0.1,14,4000
PE,0.9619925645136478,0.9644483954008686,0.0020534262838885,-1.1959673967795277,1.1959673967795277,mixed_linear_nonlinear,0.1,15,4000
S_theta,0.7557941499920139,0.7668207330911124,0.006992845635371791,-1.5768377673493843,1.5768377673493843,mixed_linear_nonlinear,0.1,15,4000
gamma_R,0.17849502331320344,0.17224059911344522,0.004154611764953639,1.5054172456058623,1.5054172456058623,mixed_linear_nonlinear,0.1,15,4000
PE,0.9569126516139264,0.9616697789792751,0.0018697265497863251,-2.544290428935918,2.544290428935918,mixed_linear_nonlinear,0.1,16,4000
S_theta,0.7744476513534783,0.7695995068552587,0.006476585168614624,0.7485649261147012,0.7485649261147012,mixed_linear_nonlinear,0.1,16,4000
gamma_R,0.19479153593789378,0.17876878018497952,0.003953448368637647,4.052855699348788,4.052855699348788,mixed_linear_nonlinear,0.1,16,4000
PE,0.9604650760037917,0.9615924978936681,0.0019607339504825764,-0.5749999328562018,0.5749999328562018,mixed_linear_nonlinear,0.1,17,4000
S_theta,0.764079288806352,0.7619075510642753,0.007105222856922178,0.3056537121789073,0.3056537121789073,mixed_linear_nonlinear,0.1,17,4000
gamma_R,0.17413754632294176,0.16839471681495494,0.004006991332600688,1.4332023783688876,1.4332023783688876,mixed_linear_nonlinear,0.1,17,4000
PE,0.959693354003338,0.9619599285811663,0.0018201706658974642,-1.2452538766252095,1.2452538766252095,mixed_linear_nonlinear,0.1,18,4000
S_theta,0.7678149614808277,0.7696047084943086,0.007503889595370126,-0.23850924120540887,0.23850924120540887,mixed_linear_nonlinear,0.1,18,4000
gamma_R,0.17241433753618995,0.16205176433287488,0.003506977975320505,2.954844106874675,2.954844106874675,mixed_linear_nonlinear,0.1,18,4000
PE,0.9603763645184521,0.9624606261822527,0.002004545944969968,-1.0397674690523633,1.0397674690523633,mixed_linear_nonlinear,0.1,19,4000
S_theta,0.7570748358350696,0.7692392980991353,0.006753777108086122,-1.8011346938739583,1.8011346938739583,mixed_linear_nonlinear,0.1,19,4000
gamma_R,0.17847597967090878,0.16952887581833115,0.0037734260705664965,2.3710823228701607,2.3710823228701607,mixed_linear_nonlinear,0.1,19,4000
PE,0.958203434727322,0.9566867552968273,0.002239561268953286,0.6772216735126262,0.6772216735126262,mixed_linear_nonlinear,0.2,0,4000
S_theta,0.7528584088248397,0.7490825811654254,0.007061727028159179,0.534688985337143,0.534688985337143,mixed_linear_nonlinear,0.2,0,4000
gamma_R,0.23221043365872973,0.2110183536842876,0.003830360293356016,5.532659685095693,5.532659685095693,mixed_linear_nonlinear,0.2,0,4000
PE,0.9558968504156586,0.9606936586429465,0.0018840269420887029,-2.546040144187097,2.546040144187097,mixed_linear_nonlinear,0.2,1,4000
S_theta,0.7531791866469237,0.7633958424005219,0.0060240795062664965,-1.6959696071358976,1.6959696071358976,mixed_linear_nonlinear,0.2,1,4000
gamma_R,0.21300168999031377,0.18502281704392576,0.004453302973613633,6.282723882063777,6.282723882063777,mixed_linear_nonlinear,0.2,1,4000
PE,0.9545873700852852,0.9567285738559912,0.002300588938396179,-0.9307198408937596,0.9307198408937596,mixed_linear_nonlinear,0.2,2,4000
S_theta,0.7398365932657331,0.7463088379519565,0.006961513671897333,-0.9297180169811161,0.9297180169811161,mixed_linear_nonlinear,0.2,2,4000
gamma_R,0.23271053652487683,0.20672673134207442,0.003886587160444113,6.685506875351611,6.685506875351611,mixed_linear_nonlinear,0.2,2,4000
PE,0.9549552421703782,0.9581761780143638,0.0024039785102423694,-1.3398355394037629,1.3398355394037629,mixed_linear_nonlinear,0.2,3,4000
S_theta,0.756070239570707,0.751945305620782,0.006732807914310772,0.6126617605051982,0.6126617605051982,mixed_linear_nonlinear,0.2,3,4000
gamma_R,0.2255728463339809,0.19933895077481215,0.0034232722004840376,7.663397481351139,7.663397481351139,mixed_linear_nonlinear,0.2,3,4000
PE,0.9477338762412599,0.9531321035365811,0.0023158426839635675,-2.3309991359525606,2.3309991359525606,mixed_linear_nonlinear,0.2,4,4000
S_theta,0.7515825134635458,0.7474162327383866,0.006845771354001585,0.6085918605393956,0.6085918605393956,mixed_linear_nonlinear,0.2,4,4000
gamma_R,0.22975162898725454,0.20260534176380443,0.003975714882407502,6.828026663474324,6.828026663474324,mixed_linear_nonlinear,0.2,4,4000
PE,0.9591859770748283,0.9595782403012127,0.0021129206306324637,-0.18564976871232416,0.18564976871232416,mixed_linear_nonlinear,0.2,5,4000
S_theta,0.7590910146139926,0.7545088102265431,0.006460242794363991,0.7092929063667819,0.7092929063667819,mixed_linear_nonlinear,0.2,5,4000
gamma_R,0.23032700157349673,0.20544285162323667,0.003781214808056987,6.580993467294448,6.580993467294448,mixed_linear_nonlinear,0.2,5,4000
PE,0.9528294859234636,0.9583199462461396,0.002104614838599359,-2.608772028961805,2.608772028961805,mixed_linear_nonlinear,0.2,6,4000
S_theta,0.7479808643886853,0.7518976823690271,0.006549354180095726,-0.5980464443724093,0.5980464443724093,mixed_linear_nonlinear,0.2,6,4000
gamma_R,0.24414587118086284,0.2106148632367776,0.0033574687819271742,9.986990236388307,9.986990236388307,mixed_linear_nonlinear,0.2,6,4000
PE,0.9524205120890177,0.9548613062501624,0.002152237956932125,-1.1340726304371684,1.1340726304371684,mixed_linear_nonlinear,0.2,7,4000
S_theta,0.7497877410250865,0.7529928324978529,0.006242676283640827,-0.5134162540456311,0.5134162540456311,mixed_linear_nonlinear,0.2,7,4000
gamma_R,0.23005964139068913,0.20312976811582234,0.004242851492041387,6.34711663261866,6.34711663261866,mixed_linear_nonlinear,0.2,7,4000
PE,0.9604255136233385,0.9597054111610918,0.0020577508360127526,0.34994638303345993,0.34994638303345993,mixed_linear_nonlinear,0.2,8,4000
S_theta,0.7479130510580342,0.7592512825454607,0.006664843033685355,-1.7012000777994307,1.7012000777994307,mixed_linear_nonlinear,0.2,8,4000
gamma_R,0.22102270778179978,0.195824453266795,0.0037267223483361768,6.761505730700521,6.761505730700521,mixed_linear_nonlinear,0.2,8,4000
PE,0.9564501506637209,0.9592002424084405,0.0017808372268412072,-1.544269011939769,1.544269011939769,mixed_linear_nonlinear,0.2,9,4000
S_theta,0.7537942261431156,0.7590852117492679,0.006925261800256733,-0.7640123592087332,0.7640123592087332,mixed_linear_nonlinear,0.2,9,4000
gamma_R,0.22589144130794314,0.2052411535587884,0.0038762835686044655,5.327341868486997,5.327341868486997,mixed_linear_nonlinear,0.2,9,4000
PE,0.9492579210310768,0.9537074504241977,0.0021137581965469656,-2.1050323544053815,2.1050323544053815,mixed_linear_nonlinear,0.2,10,4000
S_theta,0.7388192590088856,0.7429946089857208,0.0070034807201019,-0.5961821191069785,0.5961821191069785,mixed_linear_nonlinear,0.2,10,4000
gamma_R,0.22692918707602716,0.20810349271319645,0.0037891034270895584,4.968377011891408,4.968377011891408,mixed_linear_nonlinear,0.2,10,4000
PE,0.9540935078117606,0.9575376035504423,0.0021485398599296003,-1.6029936436899532,1.6029936436899532,mixed_linear_nonlinear,0.2,11,4000
S_theta,0.7431282754488849,0.7475900389239466,0.007171312385829052,-0.6221683333553255,0.6221683333553255,mixed_linear_nonlinear,0.2,11,4000
gamma_R,0.23022323568843406,0.2093169277799862,0.0037825408284734136,5.527054130142829,5.527054130142829,mixed_linear_nonlinear,0.2,11,4000
PE,0.9539353204420197,0.9550291822848321,0.002246721740640371,-0.486870190921232,0.486870190921232,mixed_linear_nonlinear,0.2,12,4000
S_theta,0.7435689030941173,0.7439092348758468,0.0075147078157625944,-0.04528875773661794,0.04528875773661794,mixed_linear_nonlinear,0.2,12,4000
gamma_R,0.23022042091007044,0.20585540104903535,0.0036055196619616137,6.757699900540577,6.757699900540577,mixed_linear_nonlinear,0.2,12,4000
PE,0.9543331596504715,0.9587365709512032,0.002164789329625003,-2.034106155491133,2.034106155491133,mixed_linear_nonlinear,0.2,13,4000
S_theta,0.7406019171911136,0.7517338763016619,0.008073592481086815,-1.3788111223877135,1.3788111223877135,mixed_linear_nonlinear,0.2,13,4000
gamma_R,0.229657452171245,0.2021226535349387,0.0034263007747037063,8.036305171920413,8.036305171920413,mixed_linear_nonlinear,0.2,13,4000
PE,0.9524560530534171,0.9545684554242707,0.0019249344370416129,-1.0973892565921055,1.0973892565921055,mixed_linear_nonlinear,0.2,14,4000
S_theta,0.7365653864309722,0.7474090721192238,0.0076456206908406986,-1.4182871642118053,1.4182871642118053,mixed_linear_nonlinear,0.2,14,4000
gamma_R,0.2233738409428978,0.19808473095935553,0.0037320707195921507,6.776160443794037,6.776160443794037,mixed_linear_nonlinear,0.2,14,4000
PE,0.9549768287675419,0.9561232492540681,0.002038367884739626,-0.5624207951415428,0.5624207951415428,mixed_linear_nonlinear,0.2,15,4000
S_theta,0.7384919007812439,0.7467656385358121,0.00686390993440021,-1.2053971910532033,1.2053971910532033,mixed_linear_nonlinear,0.2,15,4000
gamma_R,0.23128244098917972,0.20155864761308095,0.0036679208529173707,8.103717219649713,8.103717219649713,mixed_linear_nonlinear,0.2,15,4000
PE,0.9591812997955362,0.9629222040481337,0.002143191061632215,-1.7454833213742633,1.7454833213742633,mixed_linear_nonlinear,0.2,16,4000
S_theta,0.7725171030992729,0.7643805889955283,0.007758599321376448,1.0487091505456314,1.0487091505456314,mixed_linear_nonlinear,0.2,16,4000
gamma_R,0.22628362322102147,0.1984363227720616,0.003769176211492083,7.388166242813069,7.388166242813069,mixed_linear_nonlinear,0.2,16,4000
PE,0.9592724265198957,0.9596150654752301,0.0020867229342026853,-0.16419954451945107,0.16419954451945107,mixed_linear_nonlinear,0.2,17,4000
S_theta,0.7591101961665404,0.7533559882011438,0.007345941723606743,0.7833179436892376,0.7833179436892376,mixed_linear_nonlinear,0.2,17,4000
gamma_R,0.22935040208511737,0.20322898793078548,0.004022528623616472,6.493779559695791,6.493779559695791,mixed_linear_nonlinear,0.2,17,4000
PE,0.9561791391423847,0.9594533909568479,0.002372277355853807,-1.380214588477043,1.380214588477043,mixed_linear_nonlinear,0.2,18,4000
S_theta,0.7649497570054713,0.7539128439095256,0.006559327523490951,1.6826287536975593,1.6826287536975593,mixed_linear_nonlinear,0.2,18,4000
gamma_R,0.23132116728208774,0.2029425228546862,0.003427725251195074,8.279147932730998,8.279147932730998,mixed_linear_nonlinear,0.2,18,4000
PE,0.9540776117945187,0.9575351496895521,0.002020446846509647,-1.7112738704343529,1.7112738704343529,mixed_linear_nonlinear,0.2,19,4000
S_theta,0.7410283150452683,0.746990263326919,0.006851232713219993,-0.8702008136647574,0.8702008136647574,mixed_linear_nonlinear,0.2,19,4000
gamma_R,0.22467611154371825,0.20451285401356778,0.0038147805329920787,5.285561608529981,5.285561608529981,mixed_linear_nonlinear,0.2,19,4000
PE,0.9505252051086817,0.9542519607276294,0.0022502306734380442,-1.6561660379705785,1.6561660379705785,mixed_linear_nonlinear,0.30000000000000004,0,4000
S_theta,0.727606433221524,0.7380526223465467,0.006775078943226876,-1.5418549676776658,1.5418549676776658,mixed_linear_nonlinear,0.30000000000000004,0,4000
gamma_R,0.25407096949878405,0.22432162827529517,0.00418603174910226,7.106812132963145,7.106812132963145,mixed_linear_nonlinear,0.30000000000000004,0,4000
PE,0.9448226339649631,0.9506980886819899,0.002320786497350024,-2.5316653314450193,2.5316653314450193,mixed_linear_nonlinear,0.30000000000000004,1,4000
S_theta,0.721671606732324,0.723419192426724,0.0071781831424342895,-0.24345794189466533,0.24345794189466533,mixed_linear_nonlinear,0.30000000000000004,1,4000
gamma_R,0.27185100030896114,0.23757901796834927,0.0038989948341118623,8.789953256867694,8.789953256867694,mixed_linear_nonlinear,0.30000000000000004,1,4000
PE,0.9542138569918416,0.955825916929813,0.0021149784329337635,-0.7622110527790464,0.7622110527790464,mixed_linear_nonlinear,0.30000000000000004,2,4000
S_theta,0.735590722860174,0.7356557315123524,0.0071112288266515465,-0.009141690383349742,0.009141690383349742,mixed_linear_nonlinear,0.30000000000000004,2,4000
gamma_R,0.2676739080226127,0.23355280227428912,0.003320950786750479,10.274499063477776,10.274499063477776,mixed_linear_nonlinear,0.30000000000000004,2,4000
PE,0.953809515251866,0.956432409386131,0.0021212363109638275,-1.2364931340786447,1.2364931340786447,mixed_linear_nonlinear,0.30000000000000004,3,4000
S_theta,0.7388366518147702,0.7408841515843747,0.007256642196042103,-0.28215526055855983,0.28215526055855983,mixed_linear_nonlinear,0.30000000000000004,3,4000
gamma_R,0.26386485648800184,0.2261640602058995,0.003507331480390931,10.749139764200496,10.749139764200496,mixed_linear_nonlinear,0.30000000000000004,3,4000
PE,0.9565020357969239,0.9575103152579082,0.0018445859544241818,-0.546615601493617,0.546615601493617,mixed_linear_nonlinear,0.30000000000000004,4,4000
S_theta,0.7371032047145579,0.7486862831859729,0.007206258776842876,-1.6073636584682265,1.6073636584682265,mixed_linear_nonlinear,0.30000000000000004,4,4000
gamma_R,0.2526720629492226,0.2146412625095192,0.003471414921278531,10.955417690518129,10.955417690518129,mixed_linear_nonlinear,0.30000000000000004,4,4000
PE,0.9586603131853595,0.9553414834974759,0.0023427768906965018,1.4166221722021815,1.4166221722021815,mixed_linear_nonlinear,0.30000000000000004,5,4000
S_theta,0.7405500939059098,0.7336692092905249,0.007052283168122398,0.975696019480284,0.975696019480284,mixed_linear_nonlinear,0.30000000000000004,5,4000
gamma_R,0.2757111971769489,0.23998501380816337,0.0029771339599433937,12.000193424102703,12.000193424102703,mixed_linear_nonlinear,0.30000000000000004,5,4000
PE,0.9487476733537905,0.9532732272409804,0.0024367365571952085,-1.8572191867958863,1.8572191867958863,mixed_linear_nonlinear,0.30000000000000004,6,4000
S_theta,0.7195949718984299,0.7259653378299302,0.007055617877425554,-0.9028785348314132,0.9028785348314132,mixed_linear_nonlinear,0.30000000000000004,6,4000
gamma_R,0.2864426681008455,0.24045358424894317,0.0030715843806059556,14.972430561334509,14.972430561334509,mixed_linear_nonlinear,0.30000000000000004,6,4000
PE,0.9510988415411098,0.9562760255134843,0.0023656516431342623,-2.188481126289275,2.188481126289275,mixed_linear_nonlinear,0.30000000000000004,7,4000
S_theta,0.7230142521267697,0.7430218564607213,0.006815941311165902,-2.9354132350252207,2.9354132350252207,mixed_linear_nonlinear,0.30000000000000004,7,4000
gamma_R,0.27107656308264394,0.2311877052051986,0.003469407268548032,11.497312016106735,11.497312016106735,mixed_linear_nonlinear,0.30000000000000004,7,4000
PE,0.9555097856600072,0.9548458601577136,0.0024206580143077694,0.2742748039456214,0.2742748039456214,mixed_linear_nonlinear,0.30000000000000004,8,4000
S_theta,0.7405353930257101,0.7379027407906049,0.007182674009947643,0.366528152531931,0.366528152531931,mixed_linear_nonlinear,0.30000000000000004,8,4000
gamma_R,0.26134550850376037,0.22341348762345525,0.0033421629148869913,11.349542750098918,11.349542750098918,mixed_linear_nonlinear,0.30000000000000004,8,4000
PE,0.9526496612257107,0.9580984383151935,0.0023134749876317093,-2.355234925215531,2.355234925215531,mixed_linear_nonlinear,0.30000000000000004,9,4000
S_theta,0.7363280946649173,0.7425498871420669,0.006463832743178336,-0.9625546830115347,0.9625546830115347,mixed_linear_nonlinear,0.30000000000000004,9,4000
gamma_R,0.2698260873420054,0.2305381417150935,0.003720472844941495,10.559933445107497,10.559933445107497,mixed_linear_nonlinear,0.30000000000000004,9,4000
PE,0.9562912865691252,0.9529408689682897,0.0021707668519838257,1.5434258164453059,1.5434258164453059,mixed_linear_nonlinear,0.30000000000000004,10,4000
S_theta,0.7377733654128998,0.7351379969791588,0.007221371327711619,0.364940163598558,0.364940163598558,mixed_linear_nonlinear,0.30000000000000004,10,4000
gamma_R,0.27065861036481,0.23497382182929666,0.0038140652504431594,9.356103315580949,9.356103315580949,mixed_linear_nonlinear,0.30000000000000004,10,4000
PE,0.9528570630947143,0.958528783671576,0.0021578533689396184,-2.6284087039930952,2.6284087039930952,mixed_linear_nonlinear,0.30000000000000004,11,4000
S_theta,0.7275216528963324,0.7452470337771618,0.0073726753516392,-2.4041992947496946,2.4041992947496946,mixed_linear_nonlinear,0.30000000000000004,11,4000
gamma_R,0.2761234854750383,0.22999496043243503,0.0035595762520835095,12.958993367708606,12.958993367708606,mixed_linear_nonlinear,0.30000000000000004,11,4000
PE,0.9461476954102642,0.9505333164294935,0.0023147458992102713,-1.8946446867993116,1.8946446867993116,mixed_linear_nonlinear,0.30000000000000004,12,4000
S_theta,0.7187612182540646,0.7323142423333954,0.006590721763905236,-2.056379341266584,2.056379341266584,mixed_linear_nonlinear,0.30000000000000004,12,4000
gamma_R,0.2596981260819444,0.22807401392518245,0.0033925587577263144,9.321610741373389,9.321610741373389,mixed_linear_nonlinear,0.30000000000000004,12,4000
PE,0.9505232629043516,0.9546518721987013,0.002024188767113959,-2.039636501014743,2.039636501014743,mixed_linear_nonlinear,0.30000000000000004,13,4000
S_theta,0.7288631175299782,0.7385976030198169,0.007081500439530517,-1.3746360072928347,1.3746360072928347,mixed_linear_nonlinear,0.30000000000000004,13,4000
gamma_R,0.27030368743411637,0.22688497069143657,0.00384552196268364,11.290721302337738,11.290721302337738,mixed_linear_nonlinear,0.30000000000000004,13,4000
PE,0.9501264981816387,0.9535768792897629,0.002145564189527765,-1.6081462978199437,1.6081462978199437,mixed_linear_nonlinear,0.30000000000000004,14,4000
S_theta,0.7228491177811706,0.7421835313111791,0.007390353349777044,-2.616169026693673,2.616169026693673,mixed_linear_nonlinear,0.30000000000000004,14,4000
gamma_R,0.2623729719196287,0.229511136708589,0.0037102199834396893,8.857112343126891,8.857112343126891,mixed_linear_nonlinear,0.30000000000000004,14,4000
PE,0.9600479338273836,0.9577581264115473,0.002204646818343145,1.038627773294383,1.038627773294383,mixed_linear_nonlinear,0.30000000000000004,15,4000
S_theta,0.7438531686737381,0.7413340213871141,0.007212412533723457,0.34927942277913754,0.34927942277913754,mixed_linear_nonlinear,0.30000000000000004,15,4000
gamma_R,0.2615230373387093,0.22757329146375935,0.004129286716569419,8.221697403263668,8.221697403263668,mixed_linear_nonlinear,0.30000000000000004,15,4000
PE,0.9507265983779867,0.951399211694874,0.002398360305329631,-0.2804471519114968,0.2804471519114968,mixed_linear_nonlinear,0.30000000000000004,16,4000
S_theta,0.7270555052020617,0.7253517026239463,0.007157285296791191,0.2380515107982747,0.2380515107982747,mixed_linear_nonlinear,0.30000000000000004,16,4000
gamma_R,0.282559928695729,0.24475080556676665,0.003508570382230423,10.776219089248201,10.776219089248201,mixed_linear_nonlinear,0.30000000000000004,16,4000
PE,0.9535149945400595,0.9537066836277782,0.0022773377376155085,-0.08417244598924732,0.08417244598924732,mixed_linear_nonlinear,0.30000000000000004,17,4000
S_theta,0.7254304808654312,0.734859503769214,0.006979107232623952,-1.3510356825736631,1.3510356825736631,mixed_linear_nonlinear,0.30000000000000004,17,4000
gamma_R,0.2796235516913078,0.23263131571254728,0.003802973621533883,12.35670836964859,12.35670836964859,mixed_linear_nonlinear,0.30000000000000004,17,4000
PE,0.9557614770212612,0.9586411410417166,0.0019352199134966487,-1.4880293450744044,1.4880293450744044,mixed_linear_nonlinear,0.30000000000000004,18,4000
S_theta,0.7323812915368676,0.74898628240494,0.006959801541322327,-2.385842580350009,2.385842580350009,mixed_linear_nonlinear,0.30000000000000004,18,4000
gamma_R,0.27281133382026923,0.22785244515243147,0.0038044648486851027,11.817401515321249,11.817401515321249,mixed_linear_nonlinear,0.30000000000000004,18,4000
PE,0.952442860038657,0.9568648282326196,0.0023112757432671572,-1.9132153343641733,1.9132153343641733,mixed_linear_nonlinear,0.30000000000000004,19,4000
S_theta,0.7526189231651768,0.7418730759561326,0.0077655863576632,1.3837779549563543,1.3837779549563543,mixed_linear_nonlinear,0.30000000000000004,19,4000
gamma_R,0.26345879858532206,0.22838963430957243,0.0039378230663231015,8.905723717164133,8.905723717164133,mixed_linear_nonlinear,0.30000000000000004,19,4000
PE,0.9526078503343158,0.9566278958533709,0.002224758373437843,-1.8069582598505138,1.8069582598505138,mixed_linear_nonlinear,0.4,0,4000
S_theta,0.7258937132995356,0.7341134768479434,0.007072758880593995,-1.1621721717335691,1.1621721717335691,mixed_linear_nonlinear,0.4,0,4000
gamma_R,0.3055296119025014,0.24955874803515204,0.003084128707729018,18.148031152877273,18.148031152877273,mixed_linear_nonlinear,0.4,0,4000
PE,0.9475919055855185,0.9553638860078735,0.0023244954322205057,-3.34351288224759,3.34351288224759,mixed_linear_nonlinear,0.4,1,4000
S_theta,0.7111254347242167,0.7227061192954071,0.007782173912868634,-1.4881040568934676,1.4881040568934676,mixed_linear_nonlinear,0.4,1,4000
gamma_R,0.30730969025128263,0.2566914254486494,0.0032552773637920624,15.549601200085803,15.549601200085803,mixed_linear_nonlinear,0.4,1,4000
PE,0.9539127073470751,0.957346010281494,0.0020256180457840682,-1.6949409300359748,1.6949409300359748,mixed_linear_nonlinear,0.4,2,4000
S_theta,0.7231475173558375,0.7291918192769651,0.006538767819753397,-0.9243793460394725,0.9243793460394725,mixed_linear_nonlinear,0.4,2,4000
gamma_R,0.3111684559792611,0.2572928260823689,0.003052664501441367,17.648722901404305,17.648722901404305,mixed_linear_nonlinear,0.4,2,4000
PE,0.9511159871754883,0.9511205036569838,0.0026852559595387467,-0.0016819556733207596,0.0016819556733207596,mixed_linear_nonlinear,0.4,3,4000
S_theta,0.7199844546614084,0.7231429556135004,0.0070266769467417535,-0.44950137540571167,0.44950137540571167,mixed_linear_nonlinear,0.4,3,4000
gamma_R,0.31023988264212843,0.2569917229859636,0.003370571388476074,15.797962279695174,15.797962279695174,mixed_linear_nonlinear,0.4,3,4000
PE,0.9566170587158621,0.9591958105457101,0.0019424993774498547,-1.3275431950116978,1.3275431950116978,mixed_linear_nonlinear,0.4,4,4000
S_theta,0.7102720451678581,0.7273400607560135,0.006996453726307518,-2.439523829619224,2.439523829619224,mixed_linear_nonlinear,0.4,4,4000
gamma_R,0.31579080721474206,0.26090215535885003,0.003107354166356604,17.664111947769825,17.664111947769825,mixed_linear_nonlinear,0.4,4,4000
PE,0.9535352297997364,0.9575532367148264,0.0019753805585522215,-2.034041945838965,2.034041945838965,mixed_linear_nonlinear,0.4,5,4000
S_theta,0.7191296834016111,0.7283852934335215,0.007050715677517776,-1.312719226705353,1.312719226705353,mixed_linear_nonlinear,0.4,5,4000
gamma_R,0.31509535659013177,0.25674149854440437,0.0030807999031324494,18.941138626496073,18.941138626496073,mixed_linear_nonlinear,0.4,5,4000
PE,0.9482392812284054,0.954622665128876,0.002216392533645038,-2.880078236851194,2.880078236851194,mixed_linear_nonlinear,0.4,6,4000
S_theta,0.7224075790971647,0.7302348826891503,0.007490847779619328,-1.044915585293518,1.044915585293518,mixed_linear_nonlinear,0.4,6,4000
gamma_R,0.30284525340149515,0.2552018454341806,0.0031561270706677224,15.095529077425551,15.095529077425551,mixed_linear_nonlinear,0.4,6,4000
PE,0.9424332859943412,0.953007700969086,0.002302982165686059,-4.591618264483934,4.591618264483934,mixed_linear_nonlinear,0.4,7,4000
S_theta,0.709293972946706,0.7170995061528892,0.0068323617461070645,-1.1424355876107681,1.1424355876107681,mixed_linear_nonlinear,0.4,7,4000
gamma_R,0.31356725998283175,0.2621099369486127,0.0029226857557670656,17.606177103605166,17.606177103605166,mixed_linear_nonlinear,0.4,7,4000
PE,0.9549008285717128,0.9562325274122682,0.0022453140052134564,-0.5931013824628926,0.5931013824628926,mixed_linear_nonlinear,0.4,8,4000
S_theta,0.7255755824794483,0.7289635533594097,0.007662626508832505,-0.44214224405380065,0.44214224405380065,mixed_linear_nonlinear,0.4,8,4000
gamma_R,0.3148338333910712,0.2622871731043776,0.0032143646689561157,16.347448313560026,16.347448313560026,mixed_linear_nonlinear,0.4,8,4000
PE,0.9524512595744901,0.9576139044765603,0.0018504526316928346,-2.7899362640519416,2.7899362640519416,mixed_linear_nonlinear,0.4,9,4000
S_theta,0.7148822574148804,0.7333454934407915,0.0073965984780706056,-2.4961793019657272,2.4961793019657272,mixed_linear_nonlinear,0.4,9,4000
gamma_R,0.30604908576495593,0.25225111412608053,0.003477505328251406,15.47027727084077,15.47027727084077,mixed_linear_nonlinear,0.4,9,4000
PE,0.9493749987729342,0.9531430887531268,0.002153189399176253,-1.7500039623240689,1.7500039623240689,mixed_linear_nonlinear,0.4,10,4000
S_theta,0.7111709523819734,0.725737109973975,0.00708944610924561,-2.0546256177905593,2.0546256177905593,mixed_linear_nonlinear,0.4,10,4000
gamma_R,0.31796571933355156,0.2617067346363113,0.00357850812354301,15.72135167924095,15.72135167924095,mixed_linear_nonlinear,0.4,10,4000
PE,0.9485636178246555,0.9539334144761592,0.0023605349209951444,-2.27482194978075,2.27482194978075,mixed_linear_nonlinear,0.4,11,4000
S_theta,0.7015037387126228,0.7243993114010414,0.007184816050218432,-3.186660942797903,3.186660942797903,mixed_linear_nonlinear,0.4,11,4000
gamma_R,0.30749761480054716,0.2551177585435181,0.00326882855314723,16.024045129744632,16.024045129744632,mixed_linear_nonlinear,0.4,11,4000
PE,0.9574019784793953,0.9575466364053904,0.0022032241973185987,-0.06565737893179671,0.06565737893179671,mixed_linear_nonlinear,0.4,12,4000
S_theta,0.7144194387059799,0.7318696147823012,0.007202380234231965,-2.4228346058963783,2.4228346058963783,mixed_linear_nonlinear,0.4,12,4000
gamma_R,0.3064250874397364,0.25577776683511344,0.003353092565910763,15.104659238915522,15.104659238915522,mixed_linear_nonlinear,0.4,12,4000
PE,0.9523813938602467,0.954814776624279,0.0019171082504487234,-1.2692985716705423,1.2692985716705423,mixed_linear_nonlinear,0.4,13,4000
S_theta,0.7245845612152046,0.7263007598585635,0.006448906168575522,-0.26612243975909766,0.26612243975909766,mixed_linear_nonlinear,0.4,13,4000
gamma_R,0.3076310951022405,0.25291746207982924,0.003521048433367675,15.539017442620327,15.539017442620327,mixed_linear_nonlinear,0.4,13,4000
PE,0.9526394140317889,0.9527420940815179,0.0019889182076666847,-0.05162607961112702,0.05162607961112702,mixed_linear_nonlinear,0.4,14,4000
S_theta,0.7086415065506211,0.7184436851302578,0.007350809720392249,-1.3334828342031502,1.3334828342031502,mixed_linear_nonlinear,0.4,14,4000
gamma_R,0.3133264759048112,0.2597139979443521,0.0028857298284329434,18.578481406061712,18.578481406061712,mixed_linear_nonlinear,0.4,14,4000
PE,0.952194416073495,0.9562062248232257,0.0021275266565673194,-1.8856679127130764,1.8856679127130764,mixed_linear_nonlinear,0.4,15,4000
S_theta,0.7217208701725949,0.7325953378157287,0.007905510141995068,-1.375555460408213,1.375555460408213,mixed_linear_nonlinear,0.4,15,4000
gamma_R,0.3073637971038654,0.2523902609414272,0.0034900676248691975,15.751424347973357,15.751424347973357,mixed_linear_nonlinear,0.4,15,4000
PE,0.9524706246803253,0.9535870273044905,0.002119585396679027,-0.5267080184239894,0.5267080184239894,mixed_linear_nonlinear,0.4,16,4000
S_theta,0.7290746147918075,0.7250687454372552,0.006768719581246469,0.5918208468335728,0.5918208468335728,mixed_linear_nonlinear,0.4,16,4000
gamma_R,0.3008477547352212,0.24957812220138337,0.0032947944168328458,15.560798656178756,15.560798656178756,mixed_linear_nonlinear,0.4,16,4000
PE,0.9560228815656998,0.957315591472178,0.0019240580630811332,-0.6718663699826808,0.6718663699826808,mixed_linear_nonlinear,0.4,17,4000
S_theta,0.7206132068731732,0.7317482598872131,0.006533309082640819,-1.7043511753677907,1.7043511753677907,mixed_linear_nonlinear,0.4,17,4000
gamma_R,0.3058508946101608,0.2540874343421526,0.0032203047138669215,16.074087661676888,16.074087661676888,mixed_linear_nonlinear,0.4,17,4000
PE,0.9526316827578433,0.955364476255072,0.002356664361557214,-1.159602335320682,1.159602335320682,mixed_linear_nonlinear,0.4,18,4000
S_theta,0.7129565222544164,0.7213634328912035,0.00631143706668967,-1.3320121151420294,1.3320121151420294,mixed_linear_nonlinear,0.4,18,4000
gamma_R,0.31756169093795605,0.2616081351113336,0.003410881002613916,16.404429173501708,16.404429173501708,mixed_linear_nonlinear,0.4,18,4000
PE,0.9500907233242187,0.9549215162881041,0.0020825077658252556,-2.3196998557030533,2.3196998557030533,mixed_linear_nonlinear,0.4,19,4000
S_theta,0.7157307167850308,0.726739435237448,0.006522506023652489,-1.6878050265490678,1.6878050265490678,mixed_linear_nonlinear,0.4,19,4000
gamma_R,0.3132383362933251,0.25859769036318064,0.0034272280915214385,15.943101676050981,15.943101676050981,mixed_linear_nonlinear,0.4,19,4000
PE,0.9521057787343732,0.9583535748953871,0.0020719579866357164,-3.0154067801145814,3.0154067801145814,mixed_linear_nonlinear,0.5,0,4000
S_theta,0.6997219898358904,0.7254411056236434,0.00678980763541015,-3.7879005074639913,3.7879005074639913,mixed_linear_nonlinear,0.5,0,4000
gamma_R,0.33481769074451617,0.2734788185757169,0.002647740426547632,23.16649757422731,23.16649757422731,mixed_linear_nonlinear,0.5,0,4000
PE,0.955570579264758,0.9610478709226542,0.0022149600386556488,-2.472862517745751,2.472862517745751,mixed_linear_nonlinear,0.5,1,4000
S_theta,0.6971238641755405,0.7270355464056341,0.007978816663340911,-3.7488870207438567,3.7488870207438567,mixed_linear_nonlinear,0.5,1,4000
gamma_R,0.34041572610068893,0.27595311197927214,0.0028460363470348385,22.649961652309038,22.649961652309038,mixed_linear_nonlinear,0.5,1,4000
PE,0.9502047026631548,0.9558501400167216,0.002083708359313109,-2.7093222179268057,2.7093222179268057,mixed_linear_nonlinear,0.5,2,4000
S_theta,0.6988175106691898,0.711608258658122,0.007181300322085886,-1.7811186575214828,1.7811186575214828,mixed_linear_nonlinear,0.5,2,4000
gamma_R,0.3407565908506628,0.28319434287031703,0.002783740680329413,20.678020904423523,20.678020904423523,mixed_linear_nonlinear,0.5,2,4000
PE,0.947399865215023,0.9547699322552154,0.0022484046023175694,-3.2779096042570424,3.2779096042570424,mixed_linear_nonlinear,0.5,3,4000
S_theta,0.6944586808182336,0.7213665795043456,0.006794613224689556,-3.9601810723142967,3.9601810723142967,mixed_linear_nonlinear,0.5,3,4000
gamma_R,0.33238294730421913,0.26996853166106083,0.0029032002923212426,21.49848765455142,21.49848765455142,mixed_linear_nonlinear,0.5,3,4000
PE,0.9623079610304679,0.9628607308752923,0.0019030724390811623,-0.2904617992845971,0.2904617992845971,mixed_linear_nonlinear,0.5,4,4000
S_theta,0.7149729395139913,0.7255656436833555,0.007353702447809982,-1.4404586321709043,1.4404586321709043,mixed_linear_nonlinear,0.5,4,4000
gamma_R,0.3392498677452471,0.2741262926831927,0.002542793838284938,25.611032275419902,25.611032275419902,mixed_linear_nonlinear,0.5,4,4000
PE,0.9559997452257043,0.9589362923530221,0.002408600524907729,-1.2191922641179074,1.2191922641179074,mixed_linear_nonlinear,0.5,5,4000
S_theta,0.7134876964664476,0.72994629068318,0.006372532350388496,-2.5827400022110463,2.5827400022110463,mixed_linear_nonlinear,0.5,5,4000
gamma_R,0.33318978638226293,0.26657653402017273,0.002335879727823814,28.51741533120346,28.51741533120346,mixed_linear_nonlinear,0.5,5,4000
PE,0.9519161841844889,0.9597603399580226,0.0020806612828747598,-3.770030152479105,3.770030152479105,mixed_linear_nonlinear,0.5,6,4000
S_theta,0.7213246760141542,0.7245667606922542,0.00731803806364006,-0.4430264846815256,0.4430264846815256,mixed_linear_nonlinear,0.5,6,4000
gamma_R,0.34139245407073915,0.27458382816810456,0.0032470045330033645,20.575464315979556,20.575464315979556,mixed_linear_nonlinear,0.5,6,4000
PE,0.9472611936039683,0.9573704074116975,0.00220930703092915,-4.575739662349092,4.575739662349092,mixed_linear_nonlinear,0.5,7,4000
S_theta,0.7052003464194141,0.7174730908180519,0.0069593660629921434,-1.763485968053991,1.763485968053991,mixed_linear_nonlinear,0.5,7,4000
gamma_R,0.34651033416281674,0.28518678145008525,0.002426077324377639,25.276833552064467,25.276833552064467,mixed_linear_nonlinear,0.5,7,4000
PE,0.950602355234869,0.9571781499384664,0.0021424402889923984,-3.0693012717241253,3.0693012717241253,mixed_linear_nonlinear,0.5,8,4000
S_theta,0.6996303006420813,0.7261115242591069,0.008115127331643598,-3.263192619759198,3.263192619759198,mixed_linear_nonlinear,0.5,8,4000
gamma_R,0.33605120811854905,0.27353671016851977,0.002587956895337956,24.155927041383602,24.155927041383602,mixed_linear_nonlinear,0.5,8,4000
PE,0.9600575647705079,0.9616117419542033,0.002259483571318127,-0.6878461978764329,0.6878461978764329,mixed_linear_nonlinear,0.5,9,4000
S_theta,0.7175634289648334,0.7300829683220331,0.007379238291741005,-1.6965896563080045,1.6965896563080045,mixed_linear_nonlinear,0.5,9,4000
gamma_R,0.33514019308924214,0.276361273489872,0.002678383572687939,21.945669096372754,21.945669096372754,mixed_linear_nonlinear,0.5,9,4000
PE,0.961551397303745,0.9632222405362918,0.002073795977229771,-0.8056931592561013,0.8056931592561013,mixed_linear_nonlinear,0.5,10,4000
S_theta,0.7109259925139169,0.7245579475953576,0.007172698692163333,-1.900533629878336,1.900533629878336,mixed_linear_nonlinear,0.5,10,4000
gamma_R,0.33622458891297125,0.2749803393874132,0.0027601675816503967,22.18859823320513,22.18859823320513,mixed_linear_nonlinear,0.5,10,4000
PE,0.9512708089009919,0.9562977397359451,0.0019585072525447832,-2.566715455570291,2.566715455570291,mixed_linear_nonlinear,0.5,11,4000
S_theta,0.7132257620462368,0.7193239815851216,0.007308475024396697,-0.8344038282306621,0.8344038282306621,mixed_linear_nonlinear,0.5,11,4000
gamma_R,0.33356704655181557,0.2724366556611177,0.0029800175226675123,20.51343336933739,20.51343336933739,mixed_linear_nonlinear,0.5,11,4000
PE,0.9596163911198142,0.960438799768488,0.0020418751177687096,-0.40277127700761534,0.40277127700761534,mixed_linear_nonlinear,0.5,12,4000
S_theta,0.7172449020808546,0.7237880090240317,0.007740975449718543,-0.8452561289824361,0.8452561289824361,mixed_linear_nonlinear,0.5,12,4000
gamma_R,0.33223622139880193,0.2714753547514775,0.0026639588233561278,22.808485669750798,22.808485669750798,mixed_linear_nonlinear,0.5,12,4000
PE,0.9530086421939071,0.9561244682123825,0.002327165577417103,-1.3388931362303835,1.3388931362303835,mixed_linear_nonlinear,0.5,13,4000
S_theta,0.7032001406166486,0.7060277595785628,0.007772467780752888,-0.3637993802838628,0.3637993802838628,mixed_linear_nonlinear,0.5,13,4000
gamma_R,0.33978581150361165,0.2819924252160982,0.002656794860216467,21.753048062884552,21.753048062884552,mixed_linear_nonlinear,0.5,13,4000
PE,0.9482781666443031,0.9582428816110206,0.0021211074960469315,-4.697883056511055,4.697883056511055,mixed_linear_nonlinear,0.5,14,4000
S_theta,0.7027065329701614,0.7210574505866003,0.007088383912853967,-2.588871855989861,2.588871855989861,mixed_linear_nonlinear,0.5,14,4000
gamma_R,0.34008648050048684,0.2738880496999746,0.0025973594904426735,25.486818842019403,25.486818842019403,mixed_linear_nonlinear,0.5,14,4000
PE,0.9520223320238682,0.9573631432912745,0.002438403890742318,-2.1902898398756956,2.1902898398756956,mixed_linear_nonlinear,0.5,15,4000
S_theta,0.6911711751371947,0.7143848147292111,0.007547860712091888,-3.0755256989344644,3.0755256989344644,mixed_linear_nonlinear,0.5,15,4000
gamma_R,0.3395065507028614,0.2790184778197677,0.0028381157294996356,21.312757705535095,21.312757705535095,mixed_linear_nonlinear,0.5,15,4000
PE,0.9505198748453739,0.955190041474965,0.0021687821512777947,-2.1533590300157748,2.1533590300157748,mixed_linear_nonlinear,0.5,16,4000
S_theta,0.6911564289647928,0.7005120395996126,0.007064934623051242,-1.3242317351804835,1.3242317351804835,mixed_linear_nonlinear,0.5,16,4000
gamma_R,0.3412622872111345,0.28652291833384913,0.0028206216169987036,19.40684583405096,19.40684583405096,mixed_linear_nonlinear,0.5,16,4000
PE,0.9618937031181749,0.9638566358117764,0.0019512562229930875,-1.0059840786006484,1.0059840786006484,mixed_linear_nonlinear,0.5,17,4000
S_theta,0.7068275774873766,0.732676462686328,0.007663176725075515,-3.373129202980339,3.373129202980339,mixed_linear_nonlinear,0.5,17,4000
gamma_R,0.33795332448640436,0.27305341496308716,0.002821244326167585,23.00400178791962,23.00400178791962,mixed_linear_nonlinear,0.5,17,4000
PE,0.9585665117737777,0.9581078834162036,0.0019568615715425453,0.23436934131862383,0.23436934131862383,mixed_linear_nonlinear,0.5,18,4000
S_theta,0.7009821505567535,0.7061963905499694,0.006999644114561185,-0.7449293003866946,0.7449293003866946,mixed_linear_nonlinear,0.5,18,4000
gamma_R,0.3384917371882413,0.2805431525381455,0.0025627767204566393,22.611640018241804,22.611640018241804,mixed_linear_nonlinear,0.5,18,4000
PE,0.9546174401911866,0.9586068003160274,0.0016929267299568389,-2.3564871735131536,2.3564871735131536,mixed_linear_nonlinear,0.5,19,4000
S_theta,0.7053392883507092,0.7252976570628976,0.006786859904491358,-2.940736805098992,2.940736805098992,mixed_linear_nonlinear,0.5,19,4000
gamma_R,0.33813367688182283,0.2767183364902995,0.0030818583289856758,19.928021938547978,19.928021938547978,mixed_linear_nonlinear,0.5,19,4000
PE,0.9597946554220446,0.9632215598515717,0.001965529329636466,-1.7435020571078996,1.7435020571078996,mixed_linear_nonlinear,0.6000000000000001,0,4000
S_theta,0.7046977351509228,0.711626973885229,0.00750971406761365,-0.9227034041401352,0.9227034041401352,mixed_linear_nonlinear,0.6000000000000001,0,4000
gamma_R,0.3538157616059243,0.28830656308021413,0.002737763274060315,23.927999599671367,23.927999599671367,mixed_linear_nonlinear,0.6000000000000001,0,4000
PE,0.9592924902380503,0.9598553596489313,0.0021086228449033757,-0.2669369784366582,0.2669369784366582,mixed_linear_nonlinear,0.6000000000000001,1,4000
S_theta,0.7054800062011848,0.7083209231662745,0.007232807498194118,-0.39278205120197374,0.39278205120197374,mixed_linear_nonlinear,0.6000000000000001,1,4000
gamma_R,0.3595260525933812,0.29987074607569725,0.0021915356607892893,27.2207783724582,27.2207783724582,mixed_linear_nonlinear,0.6000000000000001,1,4000
PE,0.9621278023636627,0.9645534330350172,0.001932280854666348,-1.255319932139639,1.255319932139639,mixed_linear_nonlinear,0.6000000000000001,2,4000
S_theta,0.6976471785821176,0.7189029452464815,0.007373549791092242,-2.882704703512322,2.882704703512322,mixed_linear_nonlinear,0.6000000000000001,2,4000
gamma_R,0.3538545868151195,0.287491916356001,0.0025422268628218325,26.104149645188212,26.104149645188212,mixed_linear_nonlinear,0.6000000000000001,2,4000
PE,0.9640573196602716,0.9663942980699776,0.001865842037207126,-1.2525060337926661,1.2525060337926661,mixed_linear_nonlinear,0.6000000000000001,3,4000
S_theta,0.7193025739021467,0.7293413875403303,0.006986759469382425,-1.4368340118442564,1.4368340118442564,mixed_linear_nonlinear,0.6000000000000001,3,4000
gamma_R,0.35209182091122193,0.28329416004817426,0.0023636298741899335,29.10678258651901,29.10678258651901,mixed_linear_nonlinear,0.6000000000000001,3,4000
PE,0.9653861453792765,0.9643694847271292,0.002352888504774184,0.43209044971079097,0.43209044971079097,mixed_linear_nonlinear,0.6000000000000001,4,4000
S_theta,0.70154867725771,0.7355815951571976,0.008014850447006398,-4.246232431223857,4.246232431223857,mixed_linear_nonlinear,0.6000000000000001,4,4000
gamma_R,0.3479036186238641,0.282125371844064,0.0024746445123035605,26.580887255830298,26.580887255830298,mixed_linear_nonlinear,0.6000000000000001,4,4000
PE,0.9612844149023841,0.9655598485736014,0.0019476467029156206,-2.195179271896176,2.195179271896176,mixed_linear_nonlinear,0.6000000000000001,5,4000
S_theta,0.7081500388385423,0.7188982733755875,0.007274725189640368,-1.4774763660284131,1.4774763660284131,mixed_linear_nonlinear,0.6000000000000001,5,4000
gamma_R,0.3563007557692992,0.2898836782875735,0.0020610331524610584,32.22513786467615,32.22513786467615,mixed_linear_nonlinear,0.6000000000000001,5,4000
PE,0.9593587861809372,0.9638333797314104,0.0019038071007639352,-2.3503397737500227,2.3503397737500227,mixed_linear_nonlinear,0.6000000000000001,6,4000
S_theta,0.6956305714838805,0.7149584643646637,0.007373016663069426,-2.6214362131574074,2.6214362131574074,mixed_linear_nonlinear,0.6000000000000001,6,4000
gamma_R,0.352368777286307,0.2860104133122638,0.0023444634239003113,28.304286301744764,28.304286301744764,mixed_linear_nonlinear,0.6000000000000001,6,4000
PE,0.9620588942181868,0.9625741676515703,0.0020090104186188573,-0.2564812151336533,0.2564812151336533,mixed_linear_nonlinear,0.6000000000000001,7,4000
S_theta,0.696458707032903,0.7056436206873694,0.008055756488589408,-1.1401677381232136,1.1401677381232136,mixed_linear_nonlinear,0.6000000000000001,7,4000
gamma_R,0.3612886058052942,0.2971409680550844,0.0026389935602311376,24.307614356054515,24.307614356054515,mixed_linear_nonlinear,0.6000000000000001,7,4000
PE,0.9614469379039613,0.9630420446056779,0.0016596958423377916,-0.9610837486161157,0.9610837486161157,mixed_linear_nonlinear,0.6000000000000001,8,4000
S_theta,0.6993805813755639,0.7112909189352132,0.006951190606924271,-1.7134241072004424,1.7134241072004424,mixed_linear_nonlinear,0.6000000000000001,8,4000
gamma_R,0.35878854206723987,0.2956075836267475,0.0020715343675494356,30.499594614611002,30.499594614611002,mixed_linear_nonlinear,0.6000000000000001,8,4000
PE,0.95998936387525,0.9646580668909336,0.0019696907507487323,-2.3702720916513735,2.3702720916513735,mixed_linear_nonlinear,0.6000000000000001,9,4000
S_theta,0.7216842043504725,0.7372973935684015,0.007775926545213039,-2.0078879509915977,2.0078879509915977,mixed_linear_nonlinear,0.6000000000000001,9,4000
gamma_R,0.35052407269958763,0.28810235903505305,0.0027845449686024234,22.4172043793081,22.4172043793081,mixed_linear_nonlinear,0.6000000000000001,9,4000
PE,0.9608760075598405,0.9631386008481609,0.001850151553898224,-1.2229232159674863,1.2229232159674863,mixed_linear_nonlinear,0.6000000000000001,10,4000
S_theta,0.7076373259779561,0.7245108135478375,0.008324804466958689,-2.02689296029145,2.02689296029145,mixed_linear_nonlinear,0.6000000000000001,10,4000
gamma_R,0.354548981283367,0.2875988565928094,0.0025624648693888755,26.12723611954319,26.12723611954319,mixed_linear_nonlinear,0.6000000000000001,10,4000
PE,0.9596247450195184,0.9633875217809218,0.0017848182094658525,-2.1082128933060633,2.1082128933060633,mixed_linear_nonlinear,0.6000000000000001,11,4000
S_theta,0.7015136914137217,0.7198571269857429,0.007580331887903301,-2.4198723543086147,2.4198723543086147,mixed_linear_nonlinear,0.6000000000000001,11,4000
gamma_R,0.35558487861409926,0.2887847088048838,0.0025137628986664448,26.57377505438283,26.57377505438283,mixed_linear_nonlinear,0.6000000000000001,11,4000
PE,0.957589199005148,0.9613263207084324,0.0018782379243050202,-1.9896955837834698,1.9896955837834698,mixed_linear_nonlinear,0.6000000000000001,12,4000
S_theta,0.693125530613689,0.7212067525965553,0.007291699245624543,-3.8511218080911322,3.8511218080911322,mixed_linear_nonlinear,0.6000000000000001,12,4000
gamma_R,0.347192034303047,0.2797231380523209,0.002315915016640481,29.132716773259677,29.132716773259677,mixed_linear_nonlinear,0.6000000000000001,12,4000
PE,0.9641225376016253,0.9681185060802185,0.0017214290734177294,-2.321308812717847,2.321308812717847,mixed_linear_nonlinear,0.6000000000000001,13,4000
S_theta,0.7073740176183299,0.7226646315983609,0.006710178634862719,-2.278719362341371,2.278719362341371,mixed_linear_nonlinear,0.6000000000000001,13,4000
gamma_R,0.3485176995561665,0.2803447785237047,0.002936378274300976,23.216668516147095,23.216668516147095,mixed_linear_nonlinear,0.6000000000000001,13,4000
PE,0.9699676956019857,0.9678822537034363,0.0018467146553073715,1.1292713211301812,1.1292713211301812,mixed_linear_nonlinear,0.6000000000000001,14,4000
S_theta,0.7204064537445161,0.7305456409283885,0.006947387397437454,-1.4594244719406686,1.4594244719406686,mixed_linear_nonlinear,0.6000000000000001,14,4000
gamma_R,0.3534540244332486,0.2905160702589028,0.0030365404356187237,20.7268618708585,20.7268618708585,mixed_linear_nonlinear,0.6000000000000001,14,4000
PE,0.9575049820418217,0.9620973139261098,0.002224659217693857,-2.0642855533840505,2.0642855533840505,mixed_linear_nonlinear,0.6000000000000001,15,4000
S_theta,0.6968628137380694,0.720749850464965,0.0070307362845644,-3.397515674046589,3.397515674046589,mixed_linear_nonlinear,0.6000000000000001,15,4000
gamma_R,0.35088176733585497,0.28286398663813994,0.002586991714386272,26.292229820245595,26.292229820245595,mixed_linear_nonlinear,0.6000000000000001,15,4000
PE,0.9688217916734434,0.9665688341152422,0.0017060184580635128,1.320593893666614,1.320593893666614,mixed_linear_nonlinear,0.6000000000000001,16,4000
S_theta,0.7081004577036069,0.7232384827359205,0.007352393983110306,-2.058924626058976,2.058924626058976,mixed_linear_nonlinear,0.6000000000000001,16,4000
gamma_R,0.3526397458150825,0.288253986610464,0.0021715654423173705,29.649467591411717,29.649467591411717,mixed_linear_nonlinear,0.6000000000000001,16,4000
PE,0.9606973646141105,0.9624427150901725,0.0022639371693481836,-0.7709359162845346,0.7709359162845346,mixed_linear_nonlinear,0.6000000000000001,17,4000
S_theta,0.6880603172891668,0.7223668291866364,0.006837633675226118,-5.0173076720631835,5.0173076720631835,mixed_linear_nonlinear,0.6000000000000001,17,4000
gamma_R,0.35244330833640125,0.28657233931908244,0.0026019749623573986,25.315758210693726,25.315758210693726,mixed_linear_nonlinear,0.6000000000000001,17,4000
PE,0.959166911201182,0.9593669335453217,0.002440785522634,-0.08194998793821562,0.08194998793821562,mixed_linear_nonlinear,0.6000000000000001,18,4000
S_theta,0.6935326866803777,0.7093183748007427,0.007012239215014154,-2.251162237387119,2.251162237387119,mixed_linear_nonlinear,0.6000000000000001,18,4000
gamma_R,0.3571464330710532,0.29264818481570953,0.0023336885644498024,27.6378987487347,27.6378987487347,mixed_linear_nonlinear,0.6000000000000001,18,4000
PE,0.960565919019452,0.9642353238595385,0.002098854651595377,-1.7482891620424061,1.7482891620424061,mixed_linear_nonlinear,0.6000000000000001,19,4000
S_theta,0.7079990755555333,0.7207256818193609,0.0067540202562931,-1.8843008727978727,1.8843008727978727,mixed_linear_nonlinear,0.6000000000000001,19,4000
gamma_R,0.3497822206664162,0.2785754601241152,0.002556659694356623,27.851481642033693,27.851481642033693,mixed_linear_nonlinear,0.6000000000000001,19,4000
PE,0.9701789232557554,0.9716807352947103,0.00180578086410947,-0.8316690406925803,0.8316690406925803,mixed_linear_nonlinear,0.7000000000000001,0,4000
S_theta,0.7145809700448342,0.7241079300623432,0.007097832308426188,-1.342235150610566,1.342235150610566,mixed_linear_nonlinear,0.7000000000000001,0,4000
gamma_R,0.3585760111477687,0.29287658870605565,0.001951676775630617,33.66306514585877,33.66306514585877,mixed_linear_nonlinear,0.7000000000000001,0,4000
PE,0.9635754454348684,0.9696290785837995,0.001819060273227772,-3.3278903607682424,3.3278903607682424,mixed_linear_nonlinear,0.7000000000000001,1,4000
S_theta,0.6954445222937216,0.7206813937476162,0.0076866451240962495,-3.283210171207408,3.283210171207408,mixed_linear_nonlinear,0.7000000000000001,1,4000
gamma_R,0.36314564500244695,0.2928922897460606,0.00215084662063672,32.66311720339645,32.66311720339645,mixed_linear_nonlinear,0.7000000000000001,1,4000
PE,0.970579748448925,0.9715972995633518,0.0018150264143697496,-0.5606260638251601,0.5606260638251601,mixed_linear_nonlinear,0.7000000000000001,2,4000
S_theta,0.7193937581409628,0.7238907927203805,0.006957163191134119,-0.6463891180745114,0.6463891180745114,mixed_linear_nonlinear,0.7000000000000001,2,4000
gamma_R,0.36232253382272694,0.29052693962625215,0.002359427482505409,30.4292438436112,30.4292438436112,mixed_linear_nonlinear,0.7000000000000001,2,4000
PE,0.970914962541808,0.9702137339380876,0.0016587341942390912,0.42274923019961214,0.42274923019961214,mixed_linear_nonlinear,0.7000000000000001,3,4000
S_theta,0.7002647744972422,0.7249083505595156,0.00750272500833944,-3.2846167272399756,3.2846167272399756,mixed_linear_nonlinear,0.7000000000000001,3,4000
gamma_R,0.3573643147644283,0.298101138602921,0.0018296462999988624,32.39050966383185,32.39050966383185,mixed_linear_nonlinear,0.7000000000000001,3,4000
PE,0.968355435014537,0.966706877679396,0.0019771107980961393,0.8338214209990157,0.8338214209990157,mixed_linear_nonlinear,0.7000000000000001,4,4000
S_theta,0.7221563623878335,0.7152503773328651,0.00830251454637855,0.8317943939021128,0.8317943939021128,mixed_linear_nonlinear,0.7000000000000001,4,4000
gamma_R,0.36212833001873335,0.2989386537106106,0.0019158089114708048,32.983287597096904,32.983287597096904,mixed_linear_nonlinear,0.7000000000000001,4,4000
PE,0.9670113878750016,0.9683916230954782,0.002006894815912839,-0.687746666906799,0.687746666906799,mixed_linear_nonlinear,0.7000000000000001,5,4000
S_theta,0.6878395216556729,0.7074851597230161,0.006758514249360294,-2.9067983498300243,2.9067983498300243,mixed_linear_nonlinear,0.7000000000000001,5,4000
gamma_R,0.366083358071451,0.30508241508136485,0.001912794650290065,31.89100459938847,31.89100459938847,mixed_linear_nonlinear,0.7000000000000001,5,4000
PE,0.966050187091537,0.9679941867147472,0.0018946062200863503,-1.0260705378248118,1.0260705378248118,mixed_linear_nonlinear,0.7000000000000001,6,4000
S_theta,0.7131388459410201,0.7202481651099862,0.007673860051638555,-0.9264332579857467,0.9264332579857467,mixed_linear_nonlinear,0.7000000000000001,6,4000
gamma_R,0.3578629146261273,0.28936250531783025,0.0020560149243971735,33.31707785554205,33.31707785554205,mixed_linear_nonlinear,0.7000000000000001,6,4000
PE,0.9722619428427315,0.9712410337339353,0.0015068139091154148,0.6775283282296516,0.6775283282296516,mixed_linear_nonlinear,0.7000000000000001,7,4000
S_theta,0.7242858559589511,0.7240730079988069,0.006579006641757789,0.03235259845965641,0.03235259845965641,mixed_linear_nonlinear,0.7000000000000001,7,4000
gamma_R,0.3609447577187941,0.2914401706280983,0.0020592343725513488,33.752635453817255,33.752635453817255,mixed_linear_nonlinear,0.7000000000000001,7,4000
PE,0.9677738432639296,0.9705726475784219,0.0017634468735609574,-1.5871214247813643,1.5871214247813643,mixed_linear_nonlinear,0.7000000000000001,8,4000
S_theta,0.7215528428640393,0.726876031282952,0.007994695680979755,-0.6658400308565968,0.6658400308565968,mixed_linear_nonlinear,0.7000000000000001,8,4000
gamma_R,0.36244553640881405,0.2994311281617114,0.002113621852403436,29.813473103264837,29.813473103264837,mixed_linear_nonlinear,0.7000000000000001,8,4000
PE,0.9704508834341175,0.9710062233942699,0.0017143524347536564,-0.32393570242296477,0.32393570242296477,mixed_linear_nonlinear,0.7000000000000001,9,4000
S_theta,0.7158031959692115,0.7162263595118412,0.00790598994514912,-0.05352442206043578,0.05352442206043578,mixed_linear_nonlinear,0.7000000000000001,9,4000
gamma_R,0.35840708689196843,0.2961216627869084,0.0022733654046528154,27.397893879084595,27.397893879084595,mixed_linear_nonlinear,0.7000000000000001,9,4000
PE,0.9657021244716751,0.9699805995000479,0.001801968723019251,-2.374333679445914,2.374333679445914,mixed_linear_nonlinear,0.7000000000000001,10,4000
S_theta,0.7091980827328084,0.7180811830490071,0.006652469957106273,-1.3353085956757609,1.3353085956757609,mixed_linear_nonlinear,0.7000000000000001,10,4000
gamma_R,0.36550209930508815,0.2929637851998317,0.0027075518067784087,26.791108455858677,26.791108455858677,mixed_linear_nonlinear,0.7000000000000001,10,4000
PE,0.9723157335740417,0.9720507488589457,0.0018568731296705243,0.14270480350101697,0.14270480350101697,mixed_linear_nonlinear,0.7000000000000001,11,4000
S_theta,0.7181355209591644,0.7368600822554453,0.006255861751482615,-2.993122616855018,2.993122616855018,mixed_linear_nonlinear,0.7000000000000001,11,4000
gamma_R,0.35628347052786635,0.2899069516122191,0.002354694934835091,28.18900993656569,28.18900993656569,mixed_linear_nonlinear,0.7000000000000001,11,4000
PE,0.9628715323048394,0.9633841133852902,0.0020940616054666277,-0.24477841488173613,0.24477841488173613,mixed_linear_nonlinear,0.7000000000000001,12,4000
S_theta,0.7099306635877496,0.7167973994406394,0.006422831173131624,-1.0691135525428594,1.0691135525428594,mixed_linear_nonlinear,0.7000000000000001,12,4000
gamma_R,0.35951445661189874,0.2978899958538208,0.0019927479642963056,30.92436267013788,30.92436267013788,mixed_linear_nonlinear,0.7000000000000001,12,4000
PE,0.9666449972946104,0.9698757845849607,0.0017058373098503164,-1.8939598000900841,1.8939598000900841,mixed_linear_nonlinear,0.7000000000000001,13,4000
S_theta,0.7000982363750405,0.7199443479485261,0.006742244928813227,-2.943546516483333,2.943546516483333,mixed_linear_nonlinear,0.7000000000000001,13,4000
gamma_R,0.36313216869189446,0.3021603416257925,0.0016889955695742942,36.099459444686254,36.099459444686254,mixed_linear_nonlinear,0.7000000000000001,13,4000
PE,0.9710949716241273,0.9707275891535454,0.001967226243741045,0.1867515095179051,0.1867515095179051,mixed_linear_nonlinear,0.7000000000000001,14,4000
S_theta,0.7261454312200457,0.7196382361497861,0.007477808975710363,0.8702007622014033,0.8702007622014033,mixed_linear_nonlinear,0.7000000000000001,14,4000
gamma_R,0.3563292313590719,0.2885301150403016,0.002688821147585004,25.21518263855699,25.21518263855699,mixed_linear_nonlinear,0.7000000000000001,14,4000
PE,0.9715305318787552,0.9701250101283084,0.0017920647804201006,0.7843029815681324,0.7843029815681324,mixed_linear_nonlinear,0.7000000000000001,15,4000
S_theta,0.6993875133699058,0.7226316290001498,0.007332701193307615,-3.1699253818576896,3.1699253818576896,mixed_linear_nonlinear,0.7000000000000001,15,4000
gamma_R,0.3646246183457509,0.3001016558266781,0.0022467856028680023,28.7178992230989,28.7178992230989,mixed_linear_nonlinear,0.7000000000000001,15,4000
PE,0.9699243702569599,0.9729340291919758,0.0018217107196703075,-1.6521058489245817,1.6521058489245817,mixed_linear_nonlinear,0.7000000000000001,16,4000
S_theta,0.7201522373510308,0.7284342187768144,0.007197139600635146,-1.1507323583181062,1.1507323583181062,mixed_linear_nonlinear,0.7000000000000001,16,4000
gamma_R,0.3642147102767387,0.2932747924904771,0.002180518554294846,32.53350797980378,32.53350797980378,mixed_linear_nonlinear,0.7000000000000001,16,4000
PE,0.9680730183399892,0.9671055204619751,0.002115912906462699,0.4572484411144857,0.4572484411144857,mixed_linear_nonlinear,0.7000000000000001,17,4000
S_theta,0.7092574808995648,0.713669524951131,0.006822445550869576,-0.6466953849128051,0.6466953849128051,mixed_linear_nonlinear,0.7000000000000001,17,4000
gamma_R,0.35927841709178787,0.29698974216508556,0.001936600366355546,32.16392809215578,32.16392809215578,mixed_linear_nonlinear,0.7000000000000001,17,4000
PE,0.970299264035649,0.9705702114089669,0.00161434639722676,-0.1678371963931352,0.1678371963931352,mixed_linear_nonlinear,0.7000000000000001,18,4000
S_theta,0.7092028501308824,0.7156613866329973,0.008299702113687402,-0.7781648562378961,0.7781648562378961,mixed_linear_nonlinear,0.7000000000000001,18,4000
gamma_R,0.3639191698190527,0.30538921953142667,0.0021976511082141335,26.632958283896546,26.632958283896546,mixed_linear_nonlinear,0.7000000000000001,18,4000
PE,0.9669767538314484,0.9707105690381428,0.0016487972593549418,-2.2645690278228243,2.2645690278228243,mixed_linear_nonlinear,0.7000000000000001,19,4000
S_theta,0.7083686699330338,0.7243831389104314,0.00688490121935812,-2.3260274137804675,2.3260274137804675,mixed_linear_nonlinear,0.7000000000000001,19,4000
gamma_R,0.35788581843399325,0.293305001719045,0.0018121039959121833,35.63858192500665,35.63858192500665,mixed_linear_nonlinear,0.7000000000000001,19,4000
PE,0.97638662879884,0.9757333853288462,0.0017513177045456096,0.3730011226964809,0.3730011226964809,mixed_linear_nonlinear,0.8,0,4000
S_theta,0.7210434054239862,0.7206677007996902,0.00713395630993978,0.05266427322696856,0.05266427322696856,mixed_linear_nonlinear,0.8,0,4000
gamma_R,0.35853428751311733,0.3012609154883851,0.001980409622526373,28.919962503347993,28.919962503347993,mixed_linear_nonlinear,0.8,0,4000
PE,0.9778685023733927,0.975549876186836,0.001606561708131639,1.4432226131252817,1.4432226131252817,mixed_linear_nonlinear,0.8,1,4000
S_theta,0.707010791270841,0.7177549369282061,0.007153158975223294,-1.5020141023819136,1.5020141023819136,mixed_linear_nonlinear,0.8,1,4000
gamma_R,0.358997573218083,0.2966412298709508,0.0020589162384742556,30.286002986377383,30.286002986377383,mixed_linear_nonlinear,0.8,1,4000
PE,0.9774761155605317,0.9784214546267275,0.0015969368741824343,-0.5919702159045799,0.5919702159045799,mixed_linear_nonlinear,0.8,2,4000
S_theta,0.7211858304658477,0.7286222045584235,0.008065724333065809,-0.9219722600845711,0.9219722600845711,mixed_linear_nonlinear,0.8,2,4000
gamma_R,0.35919481227216554,0.29646352057249614,0.0018396311015742644,34.099929951166345,34.099929951166345,mixed_linear_nonlinear,0.8,2,4000
PE,0.9771602316893376,0.9794255389727923,0.0013695946752413186,-1.6539983138117138,1.6539983138117138,mixed_linear_nonlinear,0.8,3,4000
S_theta,0.7299436679907834,0.7371009187659593,0.007956489580611226,-0.8995488151730979,0.8995488151730979,mixed_linear_nonlinear,0.8,3,4000
gamma_R,0.3634786268361706,0.28703120011691907,0.0024769065289919918,30.864074128127385,30.864074128127385,mixed_linear_nonlinear,0.8,3,4000
PE,0.9704826402567281,0.9743334987898328,0.0018704523941586518,-2.0587845727219287,2.0587845727219287,mixed_linear_nonlinear,0.8,4,4000
S_theta,0.7311989022855427,0.7274140050097904,0.00883469636979054,0.42841283020144244,0.42841283020144244,mixed_linear_nonlinear,0.8,4,4000
gamma_R,0.36640303922299655,0.298800976684995,0.0019104277174257327,35.38582586578786,35.38582586578786,mixed_linear_nonlinear,0.8,4,4000
PE,0.9770900171274088,0.9750244501474734,0.001653472552966086,1.2492296749831782,1.2492296749831782,mixed_linear_nonlinear,0.8,5,4000
S_theta,0.724335797310773,0.728086038794589,0.0074226619018099545,-0.5052421265343514,0.5052421265343514,mixed_linear_nonlinear,0.8,5,4000
gamma_R,0.35917441706108344,0.29429828462514923,0.0016406851903280092,39.542096691300074,39.542096691300074,mixed_linear_nonlinear,0.8,5,4000
PE,0.9761019852155569,0.9747706656158531,0.0017934890448225455,0.7423070709838151,0.7423070709838151,mixed_linear_nonlinear,0.8,6,4000
S_theta,0.7304409884830484,0.7344362078809462,0.00751296351762165,-0.5317767600663887,0.5317767600663887,mixed_linear_nonlinear,0.8,6,4000
gamma_R,0.36347107923026767,0.2867433412840372,0.0023080553796849005,33.24345621061547,33.24345621061547,mixed_linear_nonlinear,0.8,6,4000
PE,0.9723254284150282,0.974589711910886,0.0017967446584943568,-1.260214402281933,1.260214402281933,mixed_linear_nonlinear,0.8,7,4000
S_theta,0.734068434007816,0.7371724011254777,0.007189249841338776,-0.4317511821349751,0.4317511821349751,mixed_linear_nonlinear,0.8,7,4000
gamma_R,0.35652465704557557,0.2906606393662091,0.0025491691740854383,25.837444744323957,25.837444744323957,mixed_linear_nonlinear,0.8,7,4000
PE,0.9752225487072399,0.9768543484525413,0.0017848501859742468,-0.914250259279134,0.914250259279134,mixed_linear_nonlinear,0.8,8,4000
S_theta,0.7135395626795283,0.7119911019446371,0.007606672901163468,0.203566099793037,0.203566099793037,mixed_linear_nonlinear,0.8,8,4000
gamma_R,0.3681803224875789,0.3108329010341315,0.001769326666063147,32.412003138486966,32.412003138486966,mixed_linear_nonlinear,0.8,8,4000
PE,0.972632682648176,0.9739056876949178,0.00154581426148657,-0.8235174680802559,0.8235174680802559,mixed_linear_nonlinear,0.8,9,4000
S_theta,0.7191535746920845,0.7299872133809309,0.007202828120709077,-1.5040812452123096,1.5040812452123096,mixed_linear_nonlinear,0.8,9,4000
gamma_R,0.36688419324669475,0.29800293219939783,0.0019942474631022846,34.53997676905357,34.53997676905357,mixed_linear_nonlinear,0.8,9,4000
PE,0.9777225437501534,0.9760597273183752,0.0019548190074490514,0.85062423960576,0.85062423960576,mixed_linear_nonlinear,0.8,10,4000
S_theta,0.7129429832867589,0.7129371557963191,0.008312881467711532,0.0007010193111008505,0.0007010193111008505,mixed_linear_nonlinear,0.8,10,4000
gamma_R,0.3595458965523646,0.3008568897404349,0.002304255009582536,25.46984017301211,25.46984017301211,mixed_linear_nonlinear,0.8,10,4000
PE,0.9755205872184213,0.9766938854115849,0.0014907775838089838,-0.787037721727591,0.787037721727591,mixed_linear_nonlinear,0.8,11,4000
S_theta,0.7232077609909289,0.745505057801967,0.007321468008396799,-3.045468038030885,3.045468038030885,mixed_linear_nonlinear,0.8,11,4000
gamma_R,0.35548138361015624,0.28633672300788976,0.00235666804013105,29.340008615902253,29.340008615902253,mixed_linear_nonlinear,0.8,11,4000
PE,0.9714099070492255,0.9744981872157777,0.0018136738828643595,-1.702775893577355,1.702775893577355,mixed_linear_nonlinear,0.8,12,4000
S_theta,0.72280289162328,0.7290329225755271,0.007518650395432243,-0.8286102724010078,0.8286102724010078,mixed_linear_nonlinear,0.8,12,4000
gamma_R,0.3640732819004514,0.29528738837438806,0.002260646894811062,30.42752660043897,30.42752660043897,mixed_linear_nonlinear,0.8,12,4000
PE,0.9772781710297938,0.9761496033405724,0.001578011532549256,0.7151834228981395,0.7151834228981395,mixed_linear_nonlinear,0.8,13,4000
S_theta,0.7184130242092517,0.7176671555778104,0.007335363394072383,0.10168121078282963,0.10168121078282963,mixed_linear_nonlinear,0.8,13,4000
gamma_R,0.36320420309128754,0.30248036892500885,0.0022519558557166208,26.964930956408583,26.964930956408583,mixed_linear_nonlinear,0.8,13,4000
PE,0.9763812320245424,0.9732148834842428,0.0017763591179862724,1.7824934768196423,1.7824934768196423,mixed_linear_nonlinear,0.8,14,4000
S_theta,0.7381301856469041,0.7480956805612347,0.007591074990019665,-1.3127909983016388,1.3127909983016388,mixed_linear_nonlinear,0.8,14,4000
gamma_R,0.3551074365111977,0.28985618571274324,0.002547566831266011,25.613165471316762,25.613165471316762,mixed_linear_nonlinear,0.8,14,4000
PE,0.979685194247709,0.9794298042207865,0.001528260924012367,0.16711153371108772,0.16711153371108772,mixed_linear_nonlinear,0.8,15,4000
S_theta,0.7220849123745617,0.732696418869134,0.007653201063142092,-1.3865448466625752,1.3865448466625752,mixed_linear_nonlinear,0.8,15,4000
gamma_R,0.36162885372480713,0.29711358648193104,0.00207261572102266,31.127462070510248,31.127462070510248,mixed_linear_nonlinear,0.8,15,4000
PE,0.9768036787595843,0.9762260603318486,0.0016659051221395126,0.3467294866071998,0.3467294866071998,mixed_linear_nonlinear,0.8,16,4000
S_theta,0.7250950830314291,0.731099720194736,0.007004966095538605,-0.8571971771756608,0.8571971771756608,mixed_linear_nonlinear,0.8,16,4000
gamma_R,0.36235984868979565,0.30152993720972066,0.0017650146075367864,34.46425384828277,34.46425384828277,mixed_linear_nonlinear,0.8,16,4000
PE,0.9750009742415394,0.9736666081198515,0.001759565712170718,0.7583496953016605,0.7583496953016605,mixed_linear_nonlinear,0.8,17,4000
S_theta,0.7108320973555929,0.729038516729709,0.007453429820614115,-2.4426901188178025,2.4426901188178025,mixed_linear_nonlinear,0.8,17,4000
gamma_R,0.36169915308113676,0.3010753668680472,0.0022011201665107344,27.54224287045253,27.54224287045253,mixed_linear_nonlinear,0.8,17,4000
PE,0.9784210081331215,0.9768894042188794,0.001808215148246282,0.8470252645143265,0.8470252645143265,mixed_linear_nonlinear,0.8,18,4000
S_theta,0.7140756388275247,0.7197910636246596,0.007026949759365979,-0.8133578569445505,0.8133578569445505,mixed_linear_nonlinear,0.8,18,4000
gamma_R,0.3625043595635621,0.30019979775053973,0.0017348482705057346,35.913550984409504,35.913550984409504,mixed_linear_nonlinear,0.8,18,4000
PE,0.9755883931831858,0.9757794937145688,0.0015991471363575808,-0.11950153118388027,0.11950153118388027,mixed_linear_nonlinear,0.8,19,4000
S_theta,0.7141245040502417,0.726155469672483,0.006766004507350658,-1.778149217779961,1.778149217779961,mixed_linear_nonlinear,0.8,19,4000
gamma_R,0.36151618269526464,0.29621413975619015,0.0020025372664621358,32.60965178163351,32.60965178163351,mixed_linear_nonlinear,0.8,19,4000
PE,0.9846537247138563,0.9826319180807321,0.001476249482690406,1.3695562009203628,1.3695562009203628,mixed_linear_nonlinear,0.9,0,4000
S_theta,0.7548778819729626,0.7506578927944296,0.007633652877189542,0.5528138685927,0.5528138685927,mixed_linear_nonlinear,0.9,0,4000
gamma_R,0.36007276613780326,0.29858773847097814,0.002408959935086733,25.523474579751113,25.523474579751113,mixed_linear_nonlinear,0.9,0,4000
PE,0.9830396312306972,0.9822172320756603,0.0013411493204958929,0.6132047658442816,0.6132047658442816,mixed_linear_nonlinear,0.9,1,4000
S_theta,0.7426183681500897,0.7464343908321469,0.008526773175625614,-0.44753420824721063,0.44753420824721063,mixed_linear_nonlinear,0.9,1,4000
gamma_R,0.35892306397183826,0.28605848038646237,0.002201787292493909,33.09338001621583,33.09338001621583,mixed_linear_nonlinear,0.9,1,4000
PE,0.9842136299333292,0.9835826916930714,0.0011934164655299988,0.5286823656966446,0.5286823656966446,mixed_linear_nonlinear,0.9,2,4000
S_theta,0.7495843653118286,0.7402930676150692,0.008243262846098713,1.1271383516730507,1.1271383516730507,mixed_linear_nonlinear,0.9,2,4000
gamma_R,0.3584548386230414,0.30392040900147593,0.0016318862674865454,33.41803329564147,33.41803329564147,mixed_linear_nonlinear,0.9,2,4000
PE,0.9858467462850787,0.9821878135742417,0.0013724517963327612,2.665982674665773,2.665982674665773,mixed_linear_nonlinear,0.9,3,4000
S_theta,0.7553229608804093,0.7531017223141666,0.008114967673058183,0.2737211848196542,0.2737211848196542,mixed_linear_nonlinear,0.9,3,4000
gamma_R,0.3562459931069345,0.29201346056880767,0.001848768390779129,34.74341775773071,34.74341775773071,mixed_linear_nonlinear,0.9,3,4000
PE,0.9785859446146644,0.9800064272011788,0.001781321304262249,-0.7974319866469567,0.7974319866469567,mixed_linear_nonlinear,0.9,4,4000
S_theta,0.7497511349995061,0.7424720475637667,0.007129686262550232,1.0209548032953246,1.0209548032953246,mixed_linear_nonlinear,0.9,4,4000
gamma_R,0.3617710341369257,0.2977454699393744,0.0017761670844068619,36.0470390199423,36.0470390199423,mixed_linear_nonlinear,0.9,4,4000
PE,0.9764458365408721,0.9823955740126056,0.0013098889564575466,-4.542169351380642,4.542169351380642,mixed_linear_nonlinear,0.9,5,4000
S_theta,0.7311844252059849,0.7268394977814965,0.0077412585564720915,0.5612688676902362,0.5612688676902362,mixed_linear_nonlinear,0.9,5,4000
gamma_R,0.3553315801744652,0.28584431273967803,0.003152732256463727,22.04033256941641,22.04033256941641,mixed_linear_nonlinear,0.9,5,4000
PE,0.9815394236931219,0.9792880661274603,0.0018006888317362304,1.250275742250681,1.250275742250681,mixed_linear_nonlinear,0.9,6,4000
S_theta,0.7146786420317173,0.7030795663261279,0.007791562474507469,1.488671334349096,1.488671334349096,mixed_linear_nonlinear,0.9,6,4000
gamma_R,0.35253855947103996,0.3076201098493006,0.003105886367001435,14.462360921821388,14.462360921821388,mixed_linear_nonlinear,0.9,6,4000
PE,0.9814022988462325,0.9821605658171468,0.0016332844949104334,-0.46425896607552314,0.46425896607552314,mixed_linear_nonlinear,0.9,7,4000
S_theta,0.7306852938422623,0.7453312197400263,0.006482338205785039,-2.25935849578065,2.25935849578065,mixed_linear_nonlinear,0.9,7,4000
gamma_R,0.36017466580642954,0.29253125331284635,0.0019555028323392206,34.59131399603573,34.59131399603573,mixed_linear_nonlinear,0.9,7,4000
PE,0.9817683123353932,0.9815370647747593,0.0013811386826019176,0.1674325421095418,0.1674325421095418,mixed_linear_nonlinear,0.9,8,4000
S_theta,0.7456093727009155,0.7407152167889427,0.007009024246597572,0.6982649424202859,0.6982649424202859,mixed_linear_nonlinear,0.9,8,4000
gamma_R,0.3605847929417103,0.30004061815277305,0.001773314050250405,34.14182320406697,34.14182320406697,mixed_linear_nonlinear,0.9,8,4000
PE,0.9801177696491248,0.9801748035655942,0.001348909037286811,-0.042281514092382566,0.042281514092382566,mixed_linear_nonlinear,0.9,9,4000
S_theta,0.7323335865813361,0.7379228419281803,0.0077570659585276475,-0.7205372980875188,0.7205372980875188,mixed_linear_nonlinear,0.9,9,4000
gamma_R,0.35830964800177356,0.2892624538165821,0.0020509953997386895,33.665211630405665,33.665211630405665,mixed_linear_nonlinear,0.9,9,4000
PE,0.9807875250203764,0.979954572169615,0.0015294134517360735,0.5446224170552728,0.5446224170552728,mixed_linear_nonlinear,0.9,10,4000
S_theta,0.7229525094385832,0.7292668891572195,0.007724022936644267,-0.8174988306520424,0.8174988306520424,mixed_linear_nonlinear,0.9,10,4000
gamma_R,0.35732718983262146,0.2961414732276602,0.0019642942922518617,31.14895606341049,31.14895606341049,mixed_linear_nonlinear,0.9,10,4000
PE,0.9805838689184807,0.9824856856076165,0.0012317300392357632,-1.5440207095345357,1.5440207095345357,mixed_linear_nonlinear,0.9,11,4000
S_theta,0.7304249968794247,0.7430456689483794,0.007901425175677046,-1.5972652766243847,1.5972652766243847,mixed_linear_nonlinear,0.9,11,4000
gamma_R,0.36780037305602364,0.29366628661551397,0.0019508690847467893,38.00054397301181,38.00054397301181,mixed_linear_nonlinear,0.9,11,4000
PE,0.9829109251941496,0.9815937134117858,0.0014579168138471818,0.9034889850044896,0.9034889850044896,mixed_linear_nonlinear,0.9,12,4000
S_theta,0.7446135435797728,0.7331828462754819,0.00742765986649242,1.538936557374814,1.538936557374814,mixed_linear_nonlinear,0.9,12,4000
gamma_R,0.36028884686741125,0.30754944251688143,0.0017290334468374655,30.502246470127123,30.502246470127123,mixed_linear_nonlinear,0.9,12,4000
PE,0.983469679777851,0.9834392891498521,0.0013607049411133551,0.022334473169514393,0.022334473169514393,mixed_linear_nonlinear,0.9,13,4000
S_theta,0.748422285672701,0.7519421153634915,0.0060353012141760465,-0.583206962814548,0.583206962814548,mixed_linear_nonlinear,0.9,13,4000
gamma_R,0.355514311704193,0.2938046075342821,0.002050202416951309,30.099322710620168,30.099322710620168,mixed_linear_nonlinear,0.9,13,4000
PE,0.9837232117130976,0.9811191102116621,0.0014141060166812972,1.8415178711614424,1.8415178711614424,mixed_linear_nonlinear,0.9,14,4000
S_theta,0.73925114835793,0.7294665622889734,0.007545078472129274,1.2968170052968744,1.2968170052968744,mixed_linear_nonlinear,0.9,14,4000
gamma_R,0.357545587385911,0.29871788986013853,0.002188745167288636,26.87736261167709,26.87736261167709,mixed_linear_nonlinear,0.9,14,4000
PE,0.9796021116778718,0.9795516781377072,0.001481364800569218,0.034045321007541436,0.034045321007541436,mixed_linear_nonlinear,0.9,15,4000
S_theta,0.7283897249773282,0.7189787801662305,0.00783612730901551,1.2009688510637615,1.2009688510637615,mixed_linear_nonlinear,0.9,15,4000
gamma_R,0.3521690587533164,0.29441853816889296,0.002774553746936971,20.814345603568995,20.814345603568995,mixed_linear_nonlinear,0.9,15,4000
PE,0.9827758797699124,0.9800520903238499,0.0015456053749042706,1.7622800038666107,1.7622800038666107,mixed_linear_nonlinear,0.9,16,4000
S_theta,0.7243506682266524,0.7233310618650239,0.008247096052893447,0.12363216762471592,0.12363216762471592,mixed_linear_nonlinear,0.9,16,4000
gamma_R,0.3610064024041715,0.3047489271123452,0.0017028322905756422,33.03759013919595,33.03759013919595,mixed_linear_nonlinear,0.9,16,4000
PE,0.9788512727364721,0.9771084309886021,0.001783585715506503,0.9771561482679012,0.9771561482679012,mixed_linear_nonlinear,0.9,17,4000
S_theta,0.7378908505333344,0.7372982630155824,0.0076507512664001345,0.07745481418986937,0.07745481418986937,mixed_linear_nonlinear,0.9,17,4000
gamma_R,0.35785254482867845,0.2897975004284859,0.001996604044039592,34.08539845612125,34.08539845612125,mixed_linear_nonlinear,0.9,17,4000
PE,0.982401265515969,0.9830573412214726,0.001331294959466417,-0.4928101776683575,0.4928101776683575,mixed_linear_nonlinear,0.9,18,4000
S_theta,0.7469924349330851,0.7532898120529145,0.0068937221669829,-0.9134944761757733,0.9134944761757733,mixed_linear_nonlinear,0.9,18,4000
gamma_R,0.35825932722992815,0.2890444429964695,0.0024615499091622736,28.11841595241683,28.11841595241683,mixed_linear_nonlinear,0.9,18,4000
PE,0.9778800854317808,0.9789132699660857,0.001335176248954649,-0.7738188386093676,0.7738188386093676,mixed_linear_nonlinear,0.9,19,4000
S_theta,0.7329834784250514,0.7458390091856866,0.007813413499709319,-1.6453155539654252,1.6453155539654252,mixed_linear_nonlinear,0.9,19,4000
gamma_R,0.3573942405951296,0.28668215949880216,0.002497405708124369,28.31421457326389,28.31421457326389,mixed_linear_nonlinear,0.9,19,4000
PE,0.9871259594832559,0.9863081669232193,0.0011287851366129714,0.7244891286311778,0.7244891286311778,mixed_linear_nonlinear,1.0,0,4000
S_theta,0.760077616362728,0.7605782784203892,0.00858550426370491,-0.05831481090490346,0.05831481090490346,mixed_linear_nonlinear,1.0,0,4000
gamma_R,0.35454445573030424,0.2924225706155151,0.0023810971536960338,26.089605381435657,26.089605381435657,mixed_linear_nonlinear,1.0,0,4000
PE,0.9844448041106263,0.983440767596901,0.0014253528223141135,0.7044126184106331,0.7044126184106331,mixed_linear_nonlinear,1.0,1,4000
S_theta,0.7616673880659913,0.7532620879791244,0.006390701675921604,1.3152390008339385,1.3152390008339385,mixed_linear_nonlinear,1.0,1,4000
gamma_R,0.35624989039468546,0.28788443990816326,0.0016158865425126149,42.30832344220015,42.30832344220015,mixed_linear_nonlinear,1.0,1,4000
PE,0.9835091826808133,0.985598172260937,0.0011579320623735093,-1.8040692092433621,1.8040692092433621,mixed_linear_nonlinear,1.0,2,4000
S_theta,0.7621613206342701,0.7590296866069994,0.007607598336111755,0.4116455534206422,0.4116455534206422,mixed_linear_nonlinear,1.0,2,4000
gamma_R,0.35815649846893904,0.27955517015981585,0.0019658803008519854,39.9827640955853,39.9827640955853,mixed_linear_nonlinear,1.0,2,4000
PE,0.9834339341005882,0.9843028446889344,0.001428170657758988,-0.608408094386703,0.608408094386703,mixed_linear_nonlinear,1.0,3,4000
S_theta,0.7444928182817234,0.7490948970527601,0.007913510495157865,-0.5815470610486482,0.5815470610486482,mixed_linear_nonlinear,1.0,3,4000
gamma_R,0.3587122250607223,0.2856677992730094,0.0021991987171881403,33.21410894651045,33.21410894651045,mixed_linear_nonlinear,1.0,3,4000
PE,0.9843336294562295,0.9834983526537805,0.0015111021046826513,0.5527600020280626,0.5527600020280626,mixed_linear_nonlinear,1.0,4,4000
S_theta,0.7561739322855449,0.7525949710879768,0.00779324878286701,0.45923866891509946,0.45923866891509946,mixed_linear_nonlinear,1.0,4,4000
gamma_R,0.35804636866444106,0.285049377566132,0.002009253272136839,36.33040797324511,36.33040797324511,mixed_linear_nonlinear,1.0,4,4000
PE,0.984894198795843,0.9852433301721715,0.0012809210941864212,-0.2725627502842224,0.2725627502842224,mixed_linear_nonlinear,1.0,5,4000
S_theta,0.7550902903999726,0.7597059015905728,0.00804370855026289,-0.5738163139251766,0.5738163139251766,mixed_linear_nonlinear,1.0,5,4000
gamma_R,0.35279961621841494,0.28388268136702527,0.0015260315835234327,45.1608836904072,45.1608836904072,mixed_linear_nonlinear,1.0,5,4000
PE,0.9848903345665788,0.9842746438286741,0.0013613446848178572,0.45226660431488075,0.45226660431488075,mixed_linear_nonlinear,1.0,6,4000
S_theta,0.7579200293967079,0.7563258192964741,0.006989829565104269,0.2280756755776447,0.2280756755776447,mixed_linear_nonlinear,1.0,6,4000
gamma_R,0.3537398406765072,0.2874720924690646,0.0018159977246314117,36.49109649677167,36.49109649677167,mixed_linear_nonlinear,1.0,6,4000
PE,0.9813320334592881,0.9832457427355359,0.001549203673944842,-1.2352857848411762,1.2352857848411762,mixed_linear_nonlinear,1.0,7,4000
S_theta,0.737934382967376,0.7387340466882578,0.007507354225742493,-0.10651738240081729,0.10651738240081729,mixed_linear_nonlinear,1.0,7,4000
gamma_R,0.35559091953164346,0.28722085045997825,0.0023080889892349975,29.621938058084172,29.621938058084172,mixed_linear_nonlinear,1.0,7,4000
PE,0.9846107636345544,0.9847246903421442,0.001337691747696489,-0.08516663707164882,0.08516663707164882,mixed_linear_nonlinear,1.0,8,4000
S_theta,0.767778589872037,0.766890618439552,0.007201400303447169,0.12330538437919153,0.12330538437919153,mixed_linear_nonlinear,1.0,8,4000
gamma_R,0.35287710205216183,0.2799286361952211,0.002474717570744381,29.477491378944798,29.477491378944798,mixed_linear_nonlinear,1.0,8,4000
PE,0.9876472068961647,0.9845934364605398,0.0013010239957418374,2.34720531336833,2.34720531336833,mixed_linear_nonlinear,1.0,9,4000
S_theta,0.7471319312537273,0.7415359506207865,0.008113921058737617,0.6896764945617431,0.6896764945617431,mixed_linear_nonlinear,1.0,9,4000
gamma_R,0.3561629449028455,0.2969414227960371,0.002095545870170025,28.26066608697208,28.26066608697208,mixed_linear_nonlinear,1.0,9,4000
PE,0.9836590673669245,0.9846796435797001,0.001390193783748062,-0.7341251447866269,0.7341251447866269,mixed_linear_nonlinear,1.0,10,4000
S_theta,0.7630033892166654,0.7621445301177233,0.006812197084110005,0.12607666635856432,0.12607666635856432,mixed_linear_nonlinear,1.0,10,4000
gamma_R,0.3522421196990405,0.28437861571724676,0.002200963504578496,30.833543509750385,30.833543509750385,mixed_linear_nonlinear,1.0,10,4000
PE,0.9857765408775006,0.9861076098597841,0.0011828159828956733,-0.27989897589397317,0.27989897589397317,mixed_linear_nonlinear,1.0,11,4000
S_theta,0.7631071097546953,0.7346498318828448,0.007974736623877427,3.56842855306915,3.56842855306915,mixed_linear_nonlinear,1.0,11,4000
gamma_R,0.3562100771496225,0.30014929310355076,0.002494661698094049,22.472299185457825,22.472299185457825,mixed_linear_nonlinear,1.0,11,4000
PE,0.9862577423025197,0.9864366648981887,0.0009963777890270658,-0.1795730471307446,0.1795730471307446,mixed_linear_nonlinear,1.0,12,4000
S_theta,0.7457698786934066,0.7527971847738345,0.007507466421515221,-0.9360422925487539,0.9360422925487539,mixed_linear_nonlinear,1.0,12,4000
gamma_R,0.3538938167140768,0.27878064724046026,0.0024093202204453785,31.17608395771128,31.17608395771128,mixed_linear_nonlinear,1.0,12,4000
PE,0.985688045821307,0.9843675066451645,0.00132463284770961,0.9969095802099507,0.9969095802099507,mixed_linear_nonlinear,1.0,13,4000
S_theta,0.7589655211466231,0.7674215457957942,0.006309212938731462,-1.3402661681080217,1.3402661681080217,mixed_linear_nonlinear,1.0,13,4000
gamma_R,0.3523649201722524,0.2779138372962796,0.0021493507550069866,34.63887069271334,34.63887069271334,mixed_linear_nonlinear,1.0,13,4000
PE,0.9871380159125261,0.9862917927173335,0.0012927113156350684,0.6546111146067842,0.6546111146067842,mixed_linear_nonlinear,1.0,14,4000
S_theta,0.7659413157800629,0.7663470146537861,0.006852845138599819,-0.059201523676355484,0.059201523676355484,mixed_linear_nonlinear,1.0,14,4000
gamma_R,0.3518413110793437,0.28510576904144647,0.0023144675704918623,28.83407954759756,28.83407954759756,mixed_linear_nonlinear,1.0,14,4000
PE,0.9841174573286035,0.9830941872927882,0.0014628162671706292,0.6995205473032258,0.6995205473032258,mixed_linear_nonlinear,1.0,15,4000
S_theta,0.7389530824390373,0.7474778196297414,0.007184754077738348,-1.1865036852294701,1.1865036852294701,mixed_linear_nonlinear,1.0,15,4000
gamma_R,0.3561309777278583,0.2895162382141521,0.001774966601680038,37.53013687731032,37.53013687731032,mixed_linear_nonlinear,1.0,15,4000
PE,0.9822789610642245,0.9802744418352181,0.0014663743079009306,1.3669901458351859,1.3669901458351859,mixed_linear_nonlinear,1.0,16,4000
S_theta,0.7575929978867444,0.7550293750463265,0.007621755903922492,0.3363559359200334,0.3363559359200334,mixed_linear_nonlinear,1.0,16,4000
gamma_R,0.3520697225702567,0.27970357482558944,0.0018787759101896533,38.51771110763404,38.51771110763404,mixed_linear_nonlinear,1.0,16,4000
PE,0.9861735231917982,0.9848960905267192,0.0013929975735373639,0.9170386864602066,0.9170386864602066,mixed_linear_nonlinear,1.0,17,4000
S_theta,0.7559681097382225,0.7530369273446792,0.008038522145561684,0.3646419504064789,0.3646419504064789,mixed_linear_nonlinear,1.0,17,4000
gamma_R,0.3545767500646674,0.28218091595950723,0.0020864144399463844,34.69868340588198,34.69868340588198,mixed_linear_nonlinear,1.0,17,4000
PE,0.986210571902165,0.9844712655683036,0.0012385790992075034,1.4042755403948912,1.4042755403948912,mixed_linear_nonlinear,1.0,18,4000
S_theta,0.7482634682199824,0.751833612341709,0.007318926340423684,-0.4877961541992995,0.4877961541992995,mixed_linear_nonlinear,1.0,18,4000
gamma_R,0.3551381466126733,0.28697749270602585,0.0014525215767367615,46.92574278984367,46.92574278984367,mixed_linear_nonlinear,1.0,18,4000
PE,0.9850373549711638,0.9821061271584435,0.0014717215259919523,1.9917000335676278,1.9917000335676278,mixed_linear_nonlinear,1.0,19,4000
S_theta,0.7443646864519945,0.7355493476508542,0.008457969152094704,1.0422524181182502,1.0422524181182502,mixed_linear_nonlinear,1.0,19,4000
gamma_R,0.35192031833919524,0.28405130241485915,0.0020292072194311415,33.44607454302383,33.44607454302383,mixed_linear_nonlinear,1.0,19,4000
