measure,obs,mu_null,sigma_null,Z,absZ,experiment,lambda,rep,N
PE,0.9670094291306723,0.9663159101878375,0.0020172074648545707,0.3438014953433997,0.3438014953433997,nonlinear_ar1_sweep,0.0,0,4000
S_theta,0.7725079807920487,0.7783951782555897,0.006815820347657472,-0.8637547886021245,0.8637547886021245,nonlinear_ar1_sweep,0.0,0,4000
gamma_R,0.12778436553074857,0.12525157949007204,0.0033283502301728967,0.7609734149116143,0.7609734149116143,nonlinear_ar1_sweep,0.0,0,4000
PE,0.9683271246197068,0.9680336056927445,0.0018130716203336593,0.16189042047233693,0.16189042047233693,nonlinear_ar1_sweep,0.0,1,4000
S_theta,0.7744280958007179,0.7774268040499414,0.006327807133002262,-0.47389374963466735,0.47389374963466735,nonlinear_ar1_sweep,0.0,1,4000
gamma_R,0.1251343404913865,0.13003233860087027,0.003646887791357344,-1.343062465780109,1.343062465780109,nonlinear_ar1_sweep,0.0,1,4000
PE,0.9684636330761978,0.9699264652350078,0.0020291988706961535,-0.7208914709814492,0.7208914709814492,nonlinear_ar1_sweep,0.0,2,4000
S_theta,0.778012379248805,0.785884002003301,0.007226075151412734,-1.0893358551574297,1.0893358551574297,nonlinear_ar1_sweep,0.0,2,4000
gamma_R,0.12737401527473535,0.1284367259620278,0.003733708037750671,-0.28462608124352895,0.28462608124352895,nonlinear_ar1_sweep,0.0,2,4000
PE,0.9660393941815572,0.965923738665897,0.0019394354346694636,0.05963359934169945,0.05963359934169945,nonlinear_ar1_sweep,0.0,3,4000
S_theta,0.7725116558531793,0.7765391992755721,0.005484285595105338,-0.7343788634908806,0.7343788634908806,nonlinear_ar1_sweep,0.0,3,4000
gamma_R,0.13564476420639227,0.1396790784787507,0.0035957372000780838,-1.1219713922004135,1.1219713922004135,nonlinear_ar1_sweep,0.0,3,4000
PE,0.9696099000861278,0.9689965972649273,0.0016420905850989525,0.3734890308524463,0.3734890308524463,nonlinear_ar1_sweep,0.0,4,4000
S_theta,0.7705125811813383,0.7774780732779079,0.006665560971838251,-1.0449971316740705,1.0449971316740705,nonlinear_ar1_sweep,0.0,4,4000
gamma_R,0.13348950192436093,0.13783621786359615,0.0035680564390448617,-1.2182307128524001,1.2182307128524001,nonlinear_ar1_sweep,0.0,4,4000
PE,0.968885041488446,0.9686864656887447,0.0018530216951510362,0.10716323517469571,0.10716323517469571,nonlinear_ar1_sweep,0.0,5,4000
S_theta,0.7699251918470564,0.7795094835869705,0.005966842630460912,-1.6062585078054419,1.6062585078054419,nonlinear_ar1_sweep,0.0,5,4000
gamma_R,0.14044355540275766,0.1401712880465499,0.0034446673319938554,0.07904024684153045,0.07904024684153045,nonlinear_ar1_sweep,0.0,5,4000
PE,0.9678469256901685,0.9672349804797544,0.0017748427428840715,0.3447884117438389,0.3447884117438389,nonlinear_ar1_sweep,0.0,6,4000
S_theta,0.7609547252036549,0.774069166709457,0.006636213804981592,-1.9761933372245346,1.9761933372245346,nonlinear_ar1_sweep,0.0,6,4000
gamma_R,0.13461512471154558,0.13729643546727865,0.003065115811082125,-0.8747828535674335,0.8747828535674335,nonlinear_ar1_sweep,0.0,6,4000
PE,0.9677345388598134,0.9659673642585234,0.001681696670362598,1.0508283880404112,1.0508283880404112,nonlinear_ar1_sweep,0.0,7,4000
S_theta,0.771716207568262,0.7701539594382052,0.00662541381918236,0.23579630988990563,0.23579630988990563,nonlinear_ar1_sweep,0.0,7,4000
gamma_R,0.13766749880547757,0.14090217987745038,0.0036100682867767062,-0.8960165888886635,0.8960165888886635,nonlinear_ar1_sweep,0.0,7,4000
PE,0.970997300439416,0.9692347066910739,0.0016688736977587156,1.0561576653219709,1.0561576653219709,nonlinear_ar1_sweep,0.0,8,4000
S_theta,0.7819516515375188,0.7824127127924266,0.0063078606429266505,-0.07309312633989,0.07309312633989,nonlinear_ar1_sweep,0.0,8,4000
gamma_R,0.12817843556662734,0.13069376096269986,0.0036462954469752467,-0.6898303861139633,0.6898303861139633,nonlinear_ar1_sweep,0.0,8,4000
PE,0.9722972221730869,0.9704240334989233,0.0018454562266213218,1.015027420939206,1.015027420939206,nonlinear_ar1_sweep,0.0,9,4000
S_theta,0.774207115664165,0.782627660282986,0.006479279322998478,-1.2996112991968014,1.2996112991968014,nonlinear_ar1_sweep,0.0,9,4000
gamma_R,0.12361924723266049,0.12992559742151255,0.003649074834309752,-1.7282052232959897,1.7282052232959897,nonlinear_ar1_sweep,0.0,9,4000
PE,0.9706289673919123,0.9734276584559826,0.0017221424769424578,-1.625121673462899,1.625121673462899,nonlinear_ar1_sweep,0.0,10,4000
S_theta,0.771883178491733,0.7865342139442294,0.006033131316411078,-2.4284297297894386,2.4284297297894386,nonlinear_ar1_sweep,0.0,10,4000
gamma_R,0.1224276235262659,0.12188492342287488,0.003412525945366375,0.15903178820601166,0.15903178820601166,nonlinear_ar1_sweep,0.0,10,4000
PE,0.9670712100637646,0.9639890626580332,0.002013468112511441,1.5307654422632007,1.5307654422632007,nonlinear_ar1_sweep,0.0,11,4000
S_theta,0.7576855555827451,0.7694371820418948,0.007339798223872758,-1.6010830408017847,1.6010830408017847,nonlinear_ar1_sweep,0.0,11,4000
gamma_R,0.13816467641098806,0.13796429254173526,0.004117294585906439,0.04866882003991748,0.04866882003991748,nonlinear_ar1_sweep,0.0,11,4000
PE,0.9712019622636091,0.9707265157908611,0.001839080737724068,0.2585239804840656,0.2585239804840656,nonlinear_ar1_sweep,0.0,12,4000
S_theta,0.7804705542460653,0.7827855296236125,0.007030693200696321,-0.32926701698744826,0.32926701698744826,nonlinear_ar1_sweep,0.0,12,4000
gamma_R,0.13300727163590276,0.12941091755991724,0.0034417404726180384,1.0449230860367198,1.0449230860367198,nonlinear_ar1_sweep,0.0,12,4000
PE,0.9675629637098068,0.9672330861184879,0.0018509146006045762,0.17822410132326533,0.17822410132326533,nonlinear_ar1_sweep,0.0,13,4000
S_theta,0.7629809156289893,0.7780819678703048,0.006951886391467045,-2.172223680158383,2.172223680158383,nonlinear_ar1_sweep,0.0,13,4000
gamma_R,0.1572963688690424,0.15535520282285886,0.0038232643889652236,0.5077247735694608,0.5077247735694608,nonlinear_ar1_sweep,0.0,13,4000
PE,0.9641750342531006,0.9640134520899304,0.001959084963783902,0.08247838463223306,0.08247838463223306,nonlinear_ar1_sweep,0.0,14,4000
S_theta,0.7731190514551528,0.767974544782586,0.006954918459391181,0.7396933123810007,0.7396933123810007,nonlinear_ar1_sweep,0.0,14,4000
gamma_R,0.14541867989576518,0.14466497043409568,0.003954424217238344,0.1905990405338627,0.1905990405338627,nonlinear_ar1_sweep,0.0,14,4000
PE,0.968392181028245,0.9672214808951568,0.0018972554992228682,0.6170492764773667,0.6170492764773667,nonlinear_ar1_sweep,0.0,15,4000
S_theta,0.7829481146561346,0.7764191323625695,0.006363647710958129,1.0259811023671517,1.0259811023671517,nonlinear_ar1_sweep,0.0,15,4000
gamma_R,0.13712634878790597,0.1405904437394091,0.0033087865333560566,-1.0469381800794333,1.0469381800794333,nonlinear_ar1_sweep,0.0,15,4000
PE,0.9709049468420512,0.9697914341889298,0.0018549970915105014,0.6002773040548054,0.6002773040548054,nonlinear_ar1_sweep,0.0,16,4000
S_theta,0.7709515242615033,0.7782736487180193,0.006254932710847047,-1.1706160233855603,1.1706160233855603,nonlinear_ar1_sweep,0.0,16,4000
gamma_R,0.1369189610642284,0.14035946354442352,0.003925771757412143,-0.8763888205418968,0.8763888205418968,nonlinear_ar1_sweep,0.0,16,4000
PE,0.9687636910437656,0.9691670074643873,0.0017499147085172956,-0.23047775909231424,0.23047775909231424,nonlinear_ar1_sweep,0.0,17,4000
S_theta,0.7876193577173589,0.7851587493774015,0.006604900887831709,0.3725428105197817,0.3725428105197817,nonlinear_ar1_sweep,0.0,17,4000
gamma_R,0.13528513988862745,0.1377473919047219,0.003952771395330876,-0.6229178897122505,0.6229178897122505,nonlinear_ar1_sweep,0.0,17,4000
PE,0.9707971669555622,0.9723590279646388,0.0019075136387055362,-0.8187941503456434,0.8187941503456434,nonlinear_ar1_sweep,0.0,18,4000
S_theta,0.7937126656762405,0.7894585311399692,0.007236047241280511,0.5879086183962644,0.5879086183962644,nonlinear_ar1_sweep,0.0,18,4000
gamma_R,0.1304208772379405,0.12962236160648336,0.003999869514084513,0.19963542026692832,0.19963542026692832,nonlinear_ar1_sweep,0.0,18,4000
PE,0.9701445957903914,0.9690790824747516,0.0019374098970885902,0.5499679325685992,0.5499679325685992,nonlinear_ar1_sweep,0.0,19,4000
S_theta,0.7836238773296498,0.7768481367686044,0.006839910366246649,0.990618326591243,0.990618326591243,nonlinear_ar1_sweep,0.0,19,4000
gamma_R,0.1420443468763919,0.13865672882278152,0.0038191492616764383,0.8870085512508511,0.8870085512508511,nonlinear_ar1_sweep,0.0,19,4000
PE,0.9598423973242789,0.9618709565075381,0.0018444748233275169,-1.0998031296515924,1.0998031296515924,nonlinear_ar1_sweep,0.15,0,4000
S_theta,0.7664550583434941,0.7684629408486526,0.0061405961823213714,-0.3269849450350004,0.3269849450350004,nonlinear_ar1_sweep,0.15,0,4000
gamma_R,0.18879721661396398,0.1717619452260033,0.003730731851951697,4.566200966453497,4.566200966453497,nonlinear_ar1_sweep,0.15,0,4000
PE,0.961825712766639,0.961043047561151,0.0018278483405415142,0.4281893569223063,0.4281893569223063,nonlinear_ar1_sweep,0.15,1,4000
S_theta,0.7530022195523942,0.7688793580290888,0.006092895550330763,-2.6058445193324657,2.6058445193324657,nonlinear_ar1_sweep,0.15,1,4000
gamma_R,0.177573559119382,0.16985177731384626,0.004232258501228296,1.8245061834702911,1.8245061834702911,nonlinear_ar1_sweep,0.15,1,4000
PE,0.9631155637658186,0.9625969410874944,0.002115190061989126,0.245189634560093,0.245189634560093,nonlinear_ar1_sweep,0.15,2,4000
S_theta,0.7663060357402683,0.7652322790516927,0.0069404041850204354,0.15471097359044028,0.15471097359044028,nonlinear_ar1_sweep,0.15,2,4000
gamma_R,0.18496416982106256,0.1698897002139586,0.003747490928952125,4.022549992220818,4.022549992220818,nonlinear_ar1_sweep,0.15,2,4000
PE,0.9624671945678559,0.9614782935650298,0.0019642927677707396,0.5034387027491888,0.5034387027491888,nonlinear_ar1_sweep,0.15,3,4000
S_theta,0.7664107043240411,0.7663062031821808,0.0074464003873557045,0.014033779601454568,0.014033779601454568,nonlinear_ar1_sweep,0.15,3,4000
gamma_R,0.18696561046837146,0.17176645267712284,0.0034813386319803626,4.36589467385497,4.36589467385497,nonlinear_ar1_sweep,0.15,3,4000
PE,0.9601916936449028,0.9603449804923353,0.002019155319089,-0.0759163230205109,0.0759163230205109,nonlinear_ar1_sweep,0.15,4,4000
S_theta,0.765037942024392,0.7656897574507968,0.007017143509293985,-0.09288899757308533,0.09288899757308533,nonlinear_ar1_sweep,0.15,4,4000
gamma_R,0.17734521275509585,0.1629798564534354,0.0033636314134895345,4.2707878883665735,4.2707878883665735,nonlinear_ar1_sweep,0.15,4,4000
PE,0.9564583006585421,0.9593566735144147,0.002062787606081478,-1.405075756383081,1.405075756383081,nonlinear_ar1_sweep,0.15,5,4000
S_theta,0.7547965557425201,0.7570621997780747,0.006416630596900105,-0.3530893669722946,0.3530893669722946,nonlinear_ar1_sweep,0.15,5,4000
gamma_R,0.1817746158160527,0.16833974179275135,0.0036698289011856794,3.6608992912341756,3.6608992912341756,nonlinear_ar1_sweep,0.15,5,4000
PE,0.9617377898845275,0.9642332443902923,0.0021036217879469707,-1.186265763200839,1.186265763200839,nonlinear_ar1_sweep,0.15,6,4000
S_theta,0.7591242513070107,0.7697032489490327,0.00635384933232611,-1.664974582919354,1.664974582919354,nonlinear_ar1_sweep,0.15,6,4000
gamma_R,0.18166916069821148,0.17068656007635302,0.003636605590931081,3.020014226796199,3.020014226796199,nonlinear_ar1_sweep,0.15,6,4000
PE,0.9559727926083371,0.9592367677457235,0.0022870270245463242,-1.427169466016206,1.427169466016206,nonlinear_ar1_sweep,0.15,7,4000
S_theta,0.7550248902394298,0.7631554738661096,0.006363266277135989,-1.277737450009604,1.277737450009604,nonlinear_ar1_sweep,0.15,7,4000
gamma_R,0.18889563892422878,0.18155556767718903,0.0035361517797586747,2.0757229056329356,2.0757229056329356,nonlinear_ar1_sweep,0.15,7,4000
PE,0.9615437512516519,0.9625334110440491,0.0018787692844576534,-0.5267596189613382,0.5267596189613382,nonlinear_ar1_sweep,0.15,8,4000
S_theta,0.7758820601981506,0.7714181501473577,0.00690065823889592,0.646881775079351,0.646881775079351,nonlinear_ar1_sweep,0.15,8,4000
gamma_R,0.16401524012420998,0.15654944692769565,0.003913003912454254,1.9079442197214038,1.9079442197214038,nonlinear_ar1_sweep,0.15,8,4000
PE,0.9632291846753606,0.9618898587586723,0.0020150088441905317,0.6646749569113264,0.6646749569113264,nonlinear_ar1_sweep,0.15,9,4000
S_theta,0.770757157375968,0.7629109379065895,0.007643054405801373,1.0265816586916985,1.0265816586916985,nonlinear_ar1_sweep,0.15,9,4000
gamma_R,0.18245474472758338,0.1726850311862139,0.0038306287408066938,2.5504203624055934,2.5504203624055934,nonlinear_ar1_sweep,0.15,9,4000
PE,0.9596942341033761,0.9612142593914822,0.0023036250793997365,-0.6598405711498022,0.6598405711498022,nonlinear_ar1_sweep,0.15,10,4000
S_theta,0.7563623794994924,0.763257873778135,0.007300632216881303,-0.9445064583171532,0.9445064583171532,nonlinear_ar1_sweep,0.15,10,4000
gamma_R,0.181748025446124,0.1723387918535429,0.0038178172311680936,2.46455841724573,2.46455841724573,nonlinear_ar1_sweep,0.15,10,4000
PE,0.9613209685162752,0.9589810600086109,0.001887746855972012,1.239524515833172,1.239524515833172,nonlinear_ar1_sweep,0.15,11,4000
S_theta,0.7654223409964376,0.7627707512271843,0.0062442211718659775,0.42464699700265424,0.42464699700265424,nonlinear_ar1_sweep,0.15,11,4000
gamma_R,0.1751223592480401,0.1659820536555884,0.003939282683428163,2.3202969492144523,2.3202969492144523,nonlinear_ar1_sweep,0.15,11,4000
PE,0.9610252084587557,0.9613891932398111,0.0017905503186231417,-0.20328095629016446,0.20328095629016446,nonlinear_ar1_sweep,0.15,12,4000
S_theta,0.7664894257044922,0.7627443178225866,0.006980775812023297,0.5364887775732986,0.5364887775732986,nonlinear_ar1_sweep,0.15,12,4000
gamma_R,0.18495597792526763,0.16997862194432922,0.0038103609813213207,3.9306921455364856,3.9306921455364856,nonlinear_ar1_sweep,0.15,12,4000
PE,0.9597509579013805,0.9619955081102408,0.0021571586896699264,-1.0405123274466748,1.0405123274466748,nonlinear_ar1_sweep,0.15,13,4000
S_theta,0.7720269933941682,0.7693879171387286,0.007103107515089728,0.37153826685479224,0.37153826685479224,nonlinear_ar1_sweep,0.15,13,4000
gamma_R,0.17966293785257204,0.1682818101596191,0.0038675964176810946,2.9426875154095704,2.9426875154095704,nonlinear_ar1_sweep,0.15,13,4000
PE,0.956282617510571,0.9571188224809533,0.002314669734964245,-0.3612631891932516,0.3612631891932516,nonlinear_ar1_sweep,0.15,14,4000
S_theta,0.753496782646274,0.7539385721807496,0.007228019974513799,-0.06112179214132818,0.06112179214132818,nonlinear_ar1_sweep,0.15,14,4000
gamma_R,0.18566133922981487,0.17597178098864746,0.0037298610376597864,2.5978335769975205,2.5978335769975205,nonlinear_ar1_sweep,0.15,14,4000
PE,0.9586400576446238,0.9602352757090524,0.002394354384050552,-0.6662414198394446,0.6662414198394446,nonlinear_ar1_sweep,0.15,15,4000
S_theta,0.7609883545754964,0.7622998276345945,0.006325125878514823,-0.2073433927303924,0.2073433927303924,nonlinear_ar1_sweep,0.15,15,4000
gamma_R,0.18665643941999976,0.1722435140126281,0.0038322861349394536,3.760921001166153,3.760921001166153,nonlinear_ar1_sweep,0.15,15,4000
PE,0.9610583397889321,0.9601578153524757,0.002131654073389871,0.4224533650642115,0.4224533650642115,nonlinear_ar1_sweep,0.15,16,4000
S_theta,0.7743715860099855,0.7620456755544478,0.0067163667404987835,1.835205094030093,1.835205094030093,nonlinear_ar1_sweep,0.15,16,4000
gamma_R,0.18176105257306996,0.17140217793033927,0.0039296643688652814,2.6360710916698187,2.6360710916698187,nonlinear_ar1_sweep,0.15,16,4000
PE,0.9634221073055832,0.9627171689092715,0.001782373716829006,0.3955053811979674,0.3955053811979674,nonlinear_ar1_sweep,0.15,17,4000
S_theta,0.7785040482499099,0.7647148378259594,0.0059862936740656646,2.303463741461489,2.303463741461489,nonlinear_ar1_sweep,0.15,17,4000
gamma_R,0.17148273051198382,0.16440170027669868,0.0033461269881740396,2.116186940995092,2.116186940995092,nonlinear_ar1_sweep,0.15,17,4000
PE,0.9630034145095243,0.9643829969369254,0.0020392987125088043,-0.6764984545613245,0.6764984545613245,nonlinear_ar1_sweep,0.15,18,4000
S_theta,0.7614671733529828,0.76671249015738,0.006485146311283802,-0.8088201179471693,0.8088201179471693,nonlinear_ar1_sweep,0.15,18,4000
gamma_R,0.18226176279563422,0.16295341559337964,0.0033642085532983802,5.73934311632495,5.73934311632495,nonlinear_ar1_sweep,0.15,18,4000
PE,0.9620069386021002,0.9625265284068899,0.002060581235278227,-0.25215691373582994,0.25215691373582994,nonlinear_ar1_sweep,0.15,19,4000
S_theta,0.773840251813549,0.767556103927551,0.007328641362721712,0.857477883685681,0.857477883685681,nonlinear_ar1_sweep,0.15,19,4000
gamma_R,0.1755071768524017,0.16558184951675975,0.003663096720252032,2.7095455276318914,2.7095455276318914,nonlinear_ar1_sweep,0.15,19,4000
PE,0.9520637267294662,0.9533560619157094,0.0024128322136347424,-0.5356092226141472,0.5356092226141472,nonlinear_ar1_sweep,0.3,0,4000
S_theta,0.7420748230006069,0.7486838651375447,0.006404260312655717,-1.0319758745404852,1.0319758745404852,nonlinear_ar1_sweep,0.3,0,4000
gamma_R,0.22769843811816826,0.20510635702954727,0.003901357169613762,5.790826142395371,5.790826142395371,nonlinear_ar1_sweep,0.3,0,4000
PE,0.956100939082508,0.9555169563089314,0.0021628214637491646,0.2700096995358643,0.2700096995358643,nonlinear_ar1_sweep,0.3,1,4000
S_theta,0.7436957990171431,0.7546208517547295,0.006783601512956343,-1.61050921353798,1.61050921353798,nonlinear_ar1_sweep,0.3,1,4000
gamma_R,0.23502618515284435,0.205918751608744,0.0032533374336004357,8.946945755911779,8.946945755911779,nonlinear_ar1_sweep,0.3,1,4000
PE,0.9542501209347939,0.9591905969511504,0.0018859683873042679,-2.6195964097883047,2.6195964097883047,nonlinear_ar1_sweep,0.3,2,4000
S_theta,0.750830817303809,0.7561957384433221,0.005777161239918639,-0.9286431374708699,0.9286431374708699,nonlinear_ar1_sweep,0.3,2,4000
gamma_R,0.2368836886481973,0.20708659070117594,0.0035005605574019824,8.512093265752826,8.512093265752826,nonlinear_ar1_sweep,0.3,2,4000
PE,0.9618453913151582,0.9588712262783384,0.002088098219681424,1.4243415414019935,1.4243415414019935,nonlinear_ar1_sweep,0.3,3,4000
S_theta,0.7418127540385412,0.7519833931977417,0.005876274790721004,-1.7307970647084998,1.7307970647084998,nonlinear_ar1_sweep,0.3,3,4000
gamma_R,0.22210936013904647,0.199342616028766,0.0034552720352195787,6.588987459806094,6.588987459806094,nonlinear_ar1_sweep,0.3,3,4000
PE,0.9581475408339627,0.9592683895103477,0.002025789254236358,-0.5532898716098043,0.5532898716098043,nonlinear_ar1_sweep,0.3,4,4000
S_theta,0.741108938633803,0.7552683509580853,0.006840559142416101,-2.0699203134557167,2.0699203134557167,nonlinear_ar1_sweep,0.3,4,4000
gamma_R,0.23295169262006532,0.20227747742098207,0.0039301785460339085,7.804789232804134,7.804789232804134,nonlinear_ar1_sweep,0.3,4,4000
PE,0.9545211935082987,0.9573874036381531,0.0021178041361379525,-1.3533877288016296,1.3533877288016296,nonlinear_ar1_sweep,0.3,5,4000
S_theta,0.7605727717168335,0.7497226409713379,0.0071500468908827775,1.5174908516097803,1.5174908516097803,nonlinear_ar1_sweep,0.3,5,4000
gamma_R,0.22479086214912802,0.20195740824915343,0.004261912383423951,5.3575606079519105,5.3575606079519105,nonlinear_ar1_sweep,0.3,5,4000
PE,0.9531677120776229,0.9537617498800741,0.0022216215531122505,-0.2673892867212606,0.2673892867212606,nonlinear_ar1_sweep,0.3,6,4000
S_theta,0.7592791922685909,0.7413411779067707,0.007797991592685974,2.300337740636309,2.300337740636309,nonlinear_ar1_sweep,0.3,6,4000
gamma_R,0.22171194177014042,0.20328766115510216,0.004582902491765329,4.020220951273446,4.020220951273446,nonlinear_ar1_sweep,0.3,6,4000
PE,0.9589961263241427,0.9605833859706755,0.0019412069871502637,-0.8176663576010348,0.8176663576010348,nonlinear_ar1_sweep,0.3,7,4000
S_theta,0.7498044284047993,0.753025701756007,0.006864592796238159,-0.4692592039797287,0.4692592039797287,nonlinear_ar1_sweep,0.3,7,4000
gamma_R,0.22151242456085996,0.1974999123104436,0.003643854988938742,6.589864943393347,6.589864943393347,nonlinear_ar1_sweep,0.3,7,4000
PE,0.9556975964310005,0.9572025580522211,0.001903977473754199,-0.790430371139407,0.790430371139407,nonlinear_ar1_sweep,0.3,8,4000
S_theta,0.7413869397390245,0.7483517529239003,0.006152332666258917,-1.132060563479085,1.132060563479085,nonlinear_ar1_sweep,0.3,8,4000
gamma_R,0.22491384151991067,0.20406328206148885,0.003960679314089962,5.264389718260392,5.264389718260392,nonlinear_ar1_sweep,0.3,8,4000
PE,0.9575132034538644,0.9581669422914101,0.0019488065591903643,-0.3354559920084174,0.3354559920084174,nonlinear_ar1_sweep,0.3,9,4000
S_theta,0.7624162063675216,0.7526265876792324,0.007135534887215893,1.371953027071369,1.371953027071369,nonlinear_ar1_sweep,0.3,9,4000
gamma_R,0.23060679766605163,0.2088961727964605,0.004108470687271614,5.284356764879075,5.284356764879075,nonlinear_ar1_sweep,0.3,9,4000
PE,0.9536005759760727,0.9555860346248544,0.00209343656114723,-0.9484207382398913,0.9484207382398913,nonlinear_ar1_sweep,0.3,10,4000
S_theta,0.7251988431923891,0.7459621819054721,0.007043501432893515,-2.9478717241565593,2.9478717241565593,nonlinear_ar1_sweep,0.3,10,4000
gamma_R,0.22873857347674253,0.20435398692576123,0.0034343746262091514,7.100153362679863,7.100153362679863,nonlinear_ar1_sweep,0.3,10,4000
PE,0.9581861695005881,0.9607615560309694,0.0020640814451493637,-1.2477155571711893,1.2477155571711893,nonlinear_ar1_sweep,0.3,11,4000
S_theta,0.7621662909407596,0.7545096637739492,0.008007123018264593,0.9562269930592141,0.9562269930592141,nonlinear_ar1_sweep,0.3,11,4000
gamma_R,0.24619454663138107,0.21404543423916397,0.004196968034598095,7.660080354959321,7.660080354959321,nonlinear_ar1_sweep,0.3,11,4000
PE,0.9580674225116812,0.9575140186562541,0.0023148702735688426,0.23906473798807804,0.23906473798807804,nonlinear_ar1_sweep,0.3,12,4000
S_theta,0.7485378428723397,0.7476390084774219,0.006635123749830773,0.13546610866763484,0.13546610866763484,nonlinear_ar1_sweep,0.3,12,4000
gamma_R,0.22092021083468638,0.2036491424065916,0.0035884940850300618,4.812901461965235,4.812901461965235,nonlinear_ar1_sweep,0.3,12,4000
PE,0.9515445350703629,0.954356533339585,0.002090485205863536,-1.3451414347898265,1.3451414347898265,nonlinear_ar1_sweep,0.3,13,4000
S_theta,0.7388070060519288,0.7423601866453676,0.007344707075786568,-0.4837743094142752,0.4837743094142752,nonlinear_ar1_sweep,0.3,13,4000
gamma_R,0.21716802601680452,0.20047425020930468,0.00354668391359618,4.706868786221519,4.706868786221519,nonlinear_ar1_sweep,0.3,13,4000
PE,0.9501201755010986,0.9570642295506704,0.0020097527218085743,-3.455178328268575,3.455178328268575,nonlinear_ar1_sweep,0.3,14,4000
S_theta,0.7592599259904245,0.7534459371397183,0.006649681753870139,0.8743258799298781,0.8743258799298781,nonlinear_ar1_sweep,0.3,14,4000
gamma_R,0.23383156728226295,0.20002178394311718,0.0033903494553579323,9.972359423219501,9.972359423219501,nonlinear_ar1_sweep,0.3,14,4000
PE,0.9550878843617536,0.9566715488449489,0.002381415850968399,-0.6650096338912213,0.6650096338912213,nonlinear_ar1_sweep,0.3,15,4000
S_theta,0.7557132830031218,0.7508013061260987,0.007146631674881325,0.6873135625958527,0.6873135625958527,nonlinear_ar1_sweep,0.3,15,4000
gamma_R,0.22838223234229005,0.20270750345360702,0.003743434914421809,6.858601652126922,6.858601652126922,nonlinear_ar1_sweep,0.3,15,4000
PE,0.9581185011373615,0.9599935725028843,0.0020907259424293345,-0.8968518194900436,0.8968518194900436,nonlinear_ar1_sweep,0.3,16,4000
S_theta,0.7500925723241972,0.7615669011274542,0.006323276317135118,-1.8146176487912211,1.8146176487912211,nonlinear_ar1_sweep,0.3,16,4000
gamma_R,0.21693663380572548,0.19340782733952688,0.004066464289105081,5.786060024979747,5.786060024979747,nonlinear_ar1_sweep,0.3,16,4000
PE,0.9564935256280909,0.9574976227674509,0.002274288869021479,-0.44149938604414024,0.44149938604414024,nonlinear_ar1_sweep,0.3,17,4000
S_theta,0.7456983552155789,0.7488871714677845,0.007732160692850432,-0.41240946468612877,0.41240946468612877,nonlinear_ar1_sweep,0.3,17,4000
gamma_R,0.2203589991630548,0.20294172067604058,0.003909799524930706,4.454775334631232,4.454775334631232,nonlinear_ar1_sweep,0.3,17,4000
PE,0.9565344591434729,0.9590709416293314,0.002090414911244204,-1.2133870994771896,1.2133870994771896,nonlinear_ar1_sweep,0.3,18,4000
S_theta,0.7499727485547429,0.7503659178980152,0.007448173640557752,-0.05278734925449835,0.05278734925449835,nonlinear_ar1_sweep,0.3,18,4000
gamma_R,0.23255369456349595,0.20762715913466423,0.0042601673885223615,5.851069489895674,5.851069489895674,nonlinear_ar1_sweep,0.3,18,4000
PE,0.9464510398024265,0.9530411292930567,0.0023167504910378326,-2.844540021087065,2.844540021087065,nonlinear_ar1_sweep,0.3,19,4000
S_theta,0.7265975839575921,0.739925954020209,0.0072847361443796055,-1.82962976262361,1.82962976262361,nonlinear_ar1_sweep,0.3,19,4000
gamma_R,0.24251905048005185,0.21740128412930534,0.003831888197913866,6.554931943061639,6.554931943061639,nonlinear_ar1_sweep,0.3,19,4000
PE,0.9479833000186682,0.9502551205484125,0.0022704916888777703,-1.0005852656819376,1.0005852656819376,nonlinear_ar1_sweep,0.44999999999999996,0,4000
S_theta,0.7149972728086786,0.7242949405271579,0.007358979822715171,-1.2634451979036432,1.2634451979036432,nonlinear_ar1_sweep,0.44999999999999996,0,4000
gamma_R,0.28111926444055935,0.2441391834170852,0.0033538674752447463,11.02610085116006,11.02610085116006,nonlinear_ar1_sweep,0.44999999999999996,0,4000
PE,0.958582099427499,0.9596644349802312,0.002218769779673063,-0.4878088581555212,0.4878088581555212,nonlinear_ar1_sweep,0.44999999999999996,1,4000
S_theta,0.7431891190234037,0.7419394744551675,0.007796340910437698,0.16028603451179993,0.16028603451179993,nonlinear_ar1_sweep,0.44999999999999996,1,4000
gamma_R,0.27799268653784204,0.23480326654308917,0.003205035554186901,13.475488575573626,13.475488575573626,nonlinear_ar1_sweep,0.44999999999999996,1,4000
PE,0.9544711811181237,0.9553939498643169,0.0023543583049952595,-0.39194065925963406,0.39194065925963406,nonlinear_ar1_sweep,0.44999999999999996,2,4000
S_theta,0.7323005806024313,0.7397291510145148,0.006537996634630139,-1.1362150865505436,1.1362150865505436,nonlinear_ar1_sweep,0.44999999999999996,2,4000
gamma_R,0.26827085971121256,0.23493288430506087,0.0031636074322771626,10.537962158647172,10.537962158647172,nonlinear_ar1_sweep,0.44999999999999996,2,4000
PE,0.9562660088410625,0.9564153545179233,0.002319997799004115,-0.06437319764909491,0.06437319764909491,nonlinear_ar1_sweep,0.44999999999999996,3,4000
S_theta,0.7395314590240917,0.7431200064108475,0.007397628130778947,-0.4850943198706021,0.4850943198706021,nonlinear_ar1_sweep,0.44999999999999996,3,4000
gamma_R,0.26428101550733873,0.2266166425599889,0.0033245623722315963,11.329122070905173,11.329122070905173,nonlinear_ar1_sweep,0.44999999999999996,3,4000
PE,0.9484741531575138,0.9519007445498805,0.002222677947399013,-1.5416499706475628,1.5416499706475628,nonlinear_ar1_sweep,0.44999999999999996,4,4000
S_theta,0.7434663246142805,0.7344194453255548,0.007028117764160673,1.2872407082959763,1.2872407082959763,nonlinear_ar1_sweep,0.44999999999999996,4,4000
gamma_R,0.269225466608947,0.22961352158911277,0.003393014696572741,11.674557454715988,11.674557454715988,nonlinear_ar1_sweep,0.44999999999999996,4,4000
PE,0.9600373198642199,0.9577444801500217,0.0021604541657921305,1.061276721581167,1.061276721581167,nonlinear_ar1_sweep,0.44999999999999996,5,4000
S_theta,0.7407192227512156,0.7405776522957549,0.007419671014001628,0.01908042219035689,0.01908042219035689,nonlinear_ar1_sweep,0.44999999999999996,5,4000
gamma_R,0.265731339771927,0.2272606973412611,0.003622866043789025,10.618842089571391,10.618842089571391,nonlinear_ar1_sweep,0.44999999999999996,5,4000
PE,0.9492599640880709,0.9539530558911544,0.002122652089348208,-2.21095667379227,2.21095667379227,nonlinear_ar1_sweep,0.44999999999999996,6,4000
S_theta,0.7294509534295784,0.7378742631849002,0.006497154792788307,-1.296461300979234,1.296461300979234,nonlinear_ar1_sweep,0.44999999999999996,6,4000
gamma_R,0.2714233674548182,0.23819377070546724,0.0037804263464279366,8.789907196776648,8.789907196776648,nonlinear_ar1_sweep,0.44999999999999996,6,4000
PE,0.9455817248481916,0.9536214362704577,0.0022924228651792257,-3.507080453779001,3.507080453779001,nonlinear_ar1_sweep,0.44999999999999996,7,4000
S_theta,0.7355826021065462,0.7406206158711676,0.00649536550451639,-0.7756320658349806,0.7756320658349806,nonlinear_ar1_sweep,0.44999999999999996,7,4000
gamma_R,0.26881258232027694,0.22776661514210517,0.0034637392672317497,11.850189639411301,11.850189639411301,nonlinear_ar1_sweep,0.44999999999999996,7,4000
PE,0.9529420699571391,0.9541163495227327,0.002233553919044111,-0.5257448927385313,0.5257448927385313,nonlinear_ar1_sweep,0.44999999999999996,8,4000
S_theta,0.7282666622607189,0.7253113960461327,0.0064709211424412326,0.45669946357456065,0.45669946357456065,nonlinear_ar1_sweep,0.44999999999999996,8,4000
gamma_R,0.283266198368354,0.24063288255061036,0.0036667196948547763,11.627099796465941,11.627099796465941,nonlinear_ar1_sweep,0.44999999999999996,8,4000
PE,0.948687459184621,0.9506720944020149,0.002208591032691916,-0.8985978789268844,0.8985978789268844,nonlinear_ar1_sweep,0.44999999999999996,9,4000
S_theta,0.7276321109825109,0.7261757442630373,0.0066417638922482355,0.21927408789302788,0.21927408789302788,nonlinear_ar1_sweep,0.44999999999999996,9,4000
gamma_R,0.2714631679966508,0.23793864716868998,0.0032201847174667207,10.410744652665194,10.410744652665194,nonlinear_ar1_sweep,0.44999999999999996,9,4000
PE,0.9513571960741454,0.9533712666076842,0.0022814626246303047,-0.882797952416698,0.882797952416698,nonlinear_ar1_sweep,0.44999999999999996,10,4000
S_theta,0.7324261829555271,0.7375798785999474,0.007224815413433371,-0.7133325004868504,0.7133325004868504,nonlinear_ar1_sweep,0.44999999999999996,10,4000
gamma_R,0.26796048172746434,0.22771268711899562,0.003350319587964533,12.013121002859622,12.013121002859622,nonlinear_ar1_sweep,0.44999999999999996,10,4000
PE,0.9517392588087784,0.9541217488595319,0.0023647518593662878,-1.0075010793699062,1.0075010793699062,nonlinear_ar1_sweep,0.44999999999999996,11,4000
S_theta,0.7270893875845166,0.7297948837300982,0.006938927429126816,-0.3899012020539364,0.3899012020539364,nonlinear_ar1_sweep,0.44999999999999996,11,4000
gamma_R,0.28285109069668113,0.24200312445933225,0.003449263457947477,11.842518478323461,11.842518478323461,nonlinear_ar1_sweep,0.44999999999999996,11,4000
PE,0.9503826449857352,0.9550419948553706,0.0022320639889975694,-2.087462497761043,2.087462497761043,nonlinear_ar1_sweep,0.44999999999999996,12,4000
S_theta,0.7233155194630975,0.7419795271626852,0.006667766161410696,-2.7991395090614613,2.7991395090614613,nonlinear_ar1_sweep,0.44999999999999996,12,4000
gamma_R,0.2681108533293447,0.2281957177099648,0.003414307507862892,11.69055087377407,11.69055087377407,nonlinear_ar1_sweep,0.44999999999999996,12,4000
PE,0.9567210575126832,0.9562896323939423,0.001883985901846517,0.22899593798345405,0.22899593798345405,nonlinear_ar1_sweep,0.44999999999999996,13,4000
S_theta,0.730512854114663,0.732725438323259,0.007389693680379461,-0.29941487486424734,0.29941487486424734,nonlinear_ar1_sweep,0.44999999999999996,13,4000
gamma_R,0.2850055768600732,0.24326180539424347,0.0036415421174099015,11.463212595086116,11.463212595086116,nonlinear_ar1_sweep,0.44999999999999996,13,4000
PE,0.9546692776517492,0.956168524265586,0.0022665299586806928,-0.6614722245760204,0.6614722245760204,nonlinear_ar1_sweep,0.44999999999999996,14,4000
S_theta,0.7382436860659162,0.7426871289458673,0.006422785780632727,-0.6918248610050007,0.6918248610050007,nonlinear_ar1_sweep,0.44999999999999996,14,4000
gamma_R,0.26087665921944714,0.22569352737891574,0.0034022413968069157,10.34116270337302,10.34116270337302,nonlinear_ar1_sweep,0.44999999999999996,14,4000
PE,0.9521781699274945,0.9523546664374009,0.0021486342382835686,-0.0821435806809814,0.0821435806809814,nonlinear_ar1_sweep,0.44999999999999996,15,4000
S_theta,0.7394336502330159,0.7382083919475118,0.0072497352290482805,0.16900731499748506,0.16900731499748506,nonlinear_ar1_sweep,0.44999999999999996,15,4000
gamma_R,0.26861002579736504,0.23518263682571294,0.0033570721257489794,9.957304377008068,9.957304377008068,nonlinear_ar1_sweep,0.44999999999999996,15,4000
PE,0.9530418134118377,0.9555089394551181,0.0020884429754150337,-1.181323154293967,1.181323154293967,nonlinear_ar1_sweep,0.44999999999999996,16,4000
S_theta,0.7365484355666565,0.7398662826908606,0.006518480247742728,-0.5089908994282928,0.5089908994282928,nonlinear_ar1_sweep,0.44999999999999996,16,4000
gamma_R,0.27555961347278146,0.23305992953748345,0.0037248883691705236,11.40965304814277,11.40965304814277,nonlinear_ar1_sweep,0.44999999999999996,16,4000
PE,0.9484657594094398,0.9524970530901824,0.002286191259100273,-1.7633230223831446,1.7633230223831446,nonlinear_ar1_sweep,0.44999999999999996,17,4000
S_theta,0.7211745666991899,0.7316477561865362,0.006149603798374058,-1.703067356975975,1.703067356975975,nonlinear_ar1_sweep,0.44999999999999996,17,4000
gamma_R,0.28617197703788055,0.24299051295714366,0.0034771947302923607,12.418477373312427,12.418477373312427,nonlinear_ar1_sweep,0.44999999999999996,17,4000
PE,0.9488428894824961,0.9542113390029374,0.0018683543084731641,-2.87335731563062,2.87335731563062,nonlinear_ar1_sweep,0.44999999999999996,18,4000
S_theta,0.7311082871517002,0.7336865812567921,0.006527782675826759,-0.39497241760815344,0.39497241760815344,nonlinear_ar1_sweep,0.44999999999999996,18,4000
gamma_R,0.26982350549957523,0.23343230846309918,0.0035217770021836103,10.33319174209849,10.33319174209849,nonlinear_ar1_sweep,0.44999999999999996,18,4000
PE,0.9564662346188596,0.9549653238829516,0.0024001585057985913,0.6253381734089174,0.6253381734089174,nonlinear_ar1_sweep,0.44999999999999996,19,4000
S_theta,0.7389175925240632,0.7370272244248024,0.0073515226114598846,0.2571396701295602,0.2571396701295602,nonlinear_ar1_sweep,0.44999999999999996,19,4000
gamma_R,0.27471897725824346,0.23521495072578522,0.0032857994771847096,12.022652875429118,12.022652875429118,nonlinear_ar1_sweep,0.44999999999999996,19,4000
PE,0.9484434804877246,0.9521505317595417,0.0024992158902641176,-1.4832857322403101,1.4832857322403101,nonlinear_ar1_sweep,0.6,0,4000
S_theta,0.6947084411073424,0.7266257312707606,0.00697848401809178,-4.573671026640214,4.573671026640214,nonlinear_ar1_sweep,0.6,0,4000
gamma_R,0.31176778547298223,0.25612292703830536,0.0030444627481496828,18.277398358214715,18.277398358214715,nonlinear_ar1_sweep,0.6,0,4000
PE,0.953193671502069,0.955052131723794,0.0020917206425691546,-0.8884839513953093,0.8884839513953093,nonlinear_ar1_sweep,0.6,1,4000
S_theta,0.721733726751746,0.7243595186970124,0.007397926171255071,-0.35493621921628266,0.35493621921628266,nonlinear_ar1_sweep,0.6,1,4000
gamma_R,0.3123231394100575,0.2565739492759199,0.003470396712189643,16.064212468367256,16.064212468367256,nonlinear_ar1_sweep,0.6,1,4000
PE,0.9501487726950713,0.9532311886112695,0.0020856291287833007,-1.4779309867025527,1.4779309867025527,nonlinear_ar1_sweep,0.6,2,4000
S_theta,0.7199379496752574,0.7181825559489029,0.005940573834530313,0.29549228327927335,0.29549228327927335,nonlinear_ar1_sweep,0.6,2,4000
gamma_R,0.3160561864993414,0.2611774299701649,0.0034971313496916603,15.692506526532133,15.692506526532133,nonlinear_ar1_sweep,0.6,2,4000
PE,0.9548141955921167,0.958085328486728,0.0022851411670345894,-1.4314795697529112,1.4314795697529112,nonlinear_ar1_sweep,0.6,3,4000
S_theta,0.7320855756365292,0.7252897858354883,0.007215539527364598,0.9418269798492794,0.9418269798492794,nonlinear_ar1_sweep,0.6,3,4000
gamma_R,0.3222899278622069,0.2681971742185148,0.00323041589622613,16.744826480975682,16.744826480975682,nonlinear_ar1_sweep,0.6,3,4000
PE,0.9529744930981393,0.9568755619250165,0.0019013158928598687,-2.0517731122572376,2.0517731122572376,nonlinear_ar1_sweep,0.6,4,4000
S_theta,0.7147047110397223,0.7213139787277523,0.006987067940274332,-0.9459286419605707,0.9459286419605707,nonlinear_ar1_sweep,0.6,4,4000
gamma_R,0.30765859429234277,0.25671513290010833,0.0032448878372064857,15.699606256988996,15.699606256988996,nonlinear_ar1_sweep,0.6,4,4000
PE,0.9546350618134141,0.95692032678453,0.001825832798445118,-1.2516288309981363,1.2516288309981363,nonlinear_ar1_sweep,0.6,5,4000
S_theta,0.7143135227249227,0.7250868252188951,0.006900381399685752,-1.5612618882867955,1.5612618882867955,nonlinear_ar1_sweep,0.6,5,4000
gamma_R,0.30927365467872947,0.2549742742880011,0.003308564444523223,16.41176446800422,16.41176446800422,nonlinear_ar1_sweep,0.6,5,4000
PE,0.9581892273678347,0.9618016797015315,0.0018881521295451096,-1.9132210149650848,1.9132210149650848,nonlinear_ar1_sweep,0.6,6,4000
S_theta,0.7167373324646342,0.7319414910929359,0.0073632189741430765,-2.064879325427254,2.064879325427254,nonlinear_ar1_sweep,0.6,6,4000
gamma_R,0.31868337079627906,0.26148479271933034,0.0035339337725620386,16.185526316606886,16.185526316606886,nonlinear_ar1_sweep,0.6,6,4000
PE,0.9492053612690133,0.954768867309506,0.0021024424627358,-2.646210842437615,2.646210842437615,nonlinear_ar1_sweep,0.6,7,4000
S_theta,0.7072077253981199,0.7233267088497375,0.007070294431539088,-2.279817850260122,2.279817850260122,nonlinear_ar1_sweep,0.6,7,4000
gamma_R,0.30911595364098465,0.25775446744052455,0.0035107071216402856,14.62995471307296,14.62995471307296,nonlinear_ar1_sweep,0.6,7,4000
PE,0.9513473882150199,0.9554478010794571,0.002224480465681525,-1.8433125971196307,1.8433125971196307,nonlinear_ar1_sweep,0.6,8,4000
S_theta,0.7190763944256748,0.7323477925580748,0.006819030075505391,-1.9462295935711007,1.9462295935711007,nonlinear_ar1_sweep,0.6,8,4000
gamma_R,0.3037299699622781,0.25409347507895674,0.003163454804584516,15.690597131777428,15.690597131777428,nonlinear_ar1_sweep,0.6,8,4000
PE,0.9559776131216224,0.957934506325512,0.002180513007709632,-0.8974462417654042,0.8974462417654042,nonlinear_ar1_sweep,0.6,9,4000
S_theta,0.7374163902767213,0.7309597251325883,0.007673544777264106,0.8414188398643897,0.8414188398643897,nonlinear_ar1_sweep,0.6,9,4000
gamma_R,0.31118656844188797,0.25506514300806554,0.0032701582101190615,17.16168510140038,17.16168510140038,nonlinear_ar1_sweep,0.6,9,4000
PE,0.9501109029547851,0.9580669313664054,0.0020984794640041353,-3.7913301264522996,3.7913301264522996,nonlinear_ar1_sweep,0.6,10,4000
S_theta,0.7304504159066908,0.7380523377209423,0.006976465512890206,-1.089652317524628,1.089652317524628,nonlinear_ar1_sweep,0.6,10,4000
gamma_R,0.2979486646186035,0.24304227089927033,0.003373428781760769,16.27613839550946,16.27613839550946,nonlinear_ar1_sweep,0.6,10,4000
PE,0.9466966900297717,0.9524395452147068,0.002402774152863598,-2.390093624942126,2.390093624942126,nonlinear_ar1_sweep,0.6,11,4000
S_theta,0.7060803983112219,0.725813592790117,0.007067035821978389,-2.792287314792593,2.792287314792593,nonlinear_ar1_sweep,0.6,11,4000
gamma_R,0.313672160289016,0.26141372586336126,0.0033881756976317937,15.423767563819496,15.423767563819496,nonlinear_ar1_sweep,0.6,11,4000
PE,0.9472862956355558,0.9509076261931191,0.0025690912252745207,-1.409576476668846,1.409576476668846,nonlinear_ar1_sweep,0.6,12,4000
S_theta,0.6944159626106784,0.711861688734616,0.006752642182216848,-2.5835407316385095,2.5835407316385095,nonlinear_ar1_sweep,0.6,12,4000
gamma_R,0.3053517554545382,0.2563341319227544,0.003393296563019124,14.44542869196533,14.44542869196533,nonlinear_ar1_sweep,0.6,12,4000
PE,0.9496258220574607,0.95145133318757,0.0021737149927568687,-0.8398116294878492,0.8398116294878492,nonlinear_ar1_sweep,0.6,13,4000
S_theta,0.7046370767383434,0.7172352436200802,0.007499208518894553,-1.6799328689147903,1.6799328689147903,nonlinear_ar1_sweep,0.6,13,4000
gamma_R,0.3118202741021401,0.2595667991196268,0.0030597737522279054,17.07756168065239,17.07756168065239,nonlinear_ar1_sweep,0.6,13,4000
PE,0.9533430915704556,0.9540864949731127,0.002312036846135244,-0.3215361398326175,0.3215361398326175,nonlinear_ar1_sweep,0.6,14,4000
S_theta,0.7243983116850292,0.7216242877303287,0.006788431474211218,0.4086398993992684,0.4086398993992684,nonlinear_ar1_sweep,0.6,14,4000
gamma_R,0.31282661588809757,0.26037245055155944,0.0026966245255093673,19.45178679506003,19.45178679506003,nonlinear_ar1_sweep,0.6,14,4000
PE,0.9474306652839407,0.9519745254248426,0.002372871460980078,-1.9149204731996485,1.9149204731996485,nonlinear_ar1_sweep,0.6,15,4000
S_theta,0.7014290322973946,0.7166787588004517,0.0070028836349251685,-2.1776352854134027,2.1776352854134027,nonlinear_ar1_sweep,0.6,15,4000
gamma_R,0.30947829295687057,0.2576073241619097,0.003109868289539821,16.67947448753093,16.67947448753093,nonlinear_ar1_sweep,0.6,15,4000
PE,0.9521581110889086,0.9571743628032233,0.0018945322760318497,-2.6477520482371637,2.6477520482371637,nonlinear_ar1_sweep,0.6,16,4000
S_theta,0.711771312921359,0.7302668109785706,0.007258767197799769,-2.548021937226181,2.548021937226181,nonlinear_ar1_sweep,0.6,16,4000
gamma_R,0.30845627035312306,0.2562114890981464,0.0032994101103147044,15.834582397516341,15.834582397516341,nonlinear_ar1_sweep,0.6,16,4000
PE,0.9521975330798016,0.9566968408249745,0.0021765476722671625,-2.067176291381804,2.067176291381804,nonlinear_ar1_sweep,0.6,17,4000
S_theta,0.7225552399368588,0.7311521698851077,0.007971847531859371,-1.0784112357758218,1.0784112357758218,nonlinear_ar1_sweep,0.6,17,4000
gamma_R,0.302926236960283,0.2543782086436878,0.0032505960092691906,14.935115953553971,14.935115953553971,nonlinear_ar1_sweep,0.6,17,4000
PE,0.9496010472161474,0.9573361979542319,0.0020800231177087003,-3.718781138646838,3.718781138646838,nonlinear_ar1_sweep,0.6,18,4000
S_theta,0.7264581305919067,0.7272003810236072,0.007633399700974973,-0.09723720239694836,0.09723720239694836,nonlinear_ar1_sweep,0.6,18,4000
gamma_R,0.31753239521336074,0.2626381856992663,0.002906442502763666,18.88707912229362,18.88707912229362,nonlinear_ar1_sweep,0.6,18,4000
PE,0.9529516195926573,0.9578401312301881,0.0018527062197528183,-2.638578952999358,2.638578952999358,nonlinear_ar1_sweep,0.6,19,4000
S_theta,0.7097213746590458,0.7310914645741711,0.006829470694585246,-3.129098999146235,3.129098999146235,nonlinear_ar1_sweep,0.6,19,4000
gamma_R,0.3159549861870179,0.25826795168939354,0.0031136596409877615,18.527084251033944,18.527084251033944,nonlinear_ar1_sweep,0.6,19,4000
PE,0.9613199411387842,0.962489965261326,0.0017356835970093467,-0.6740998904165807,0.6740998904165807,nonlinear_ar1_sweep,0.75,0,4000
S_theta,0.7165671493296352,0.7265633515693299,0.006624598758548683,-1.5089521047286405,1.5089521047286405,nonlinear_ar1_sweep,0.75,0,4000
gamma_R,0.3425238074424294,0.2790076090448203,0.002811759687557837,22.589483261557206,22.589483261557206,nonlinear_ar1_sweep,0.75,0,4000
PE,0.9577072605329205,0.9602900210991525,0.002327367661345797,-1.109734662523621,1.109734662523621,nonlinear_ar1_sweep,0.75,1,4000
S_theta,0.7056332449165935,0.7179157758757065,0.0075255419155775246,-1.6321124906219382,1.6321124906219382,nonlinear_ar1_sweep,0.75,1,4000
gamma_R,0.33314271045179566,0.2761843471075892,0.0029847857296773418,19.082898573883128,19.082898573883128,nonlinear_ar1_sweep,0.75,1,4000
PE,0.9582469965231479,0.9601944225590558,0.0018228298459192003,-1.0683531654189518,1.0683531654189518,nonlinear_ar1_sweep,0.75,2,4000
S_theta,0.7118074696840284,0.7186211302772094,0.00638245109197753,-1.067561739994449,1.067561739994449,nonlinear_ar1_sweep,0.75,2,4000
gamma_R,0.34610430206902454,0.2820559662113861,0.0026126675751887334,24.514536968221723,24.514536968221723,nonlinear_ar1_sweep,0.75,2,4000
PE,0.9561807178697054,0.9596858554638917,0.00219345183914054,-1.598000709037576,1.598000709037576,nonlinear_ar1_sweep,0.75,3,4000
S_theta,0.7042280323209004,0.7191816916683539,0.0067877734384562335,-2.2030286489430146,2.2030286489430146,nonlinear_ar1_sweep,0.75,3,4000
gamma_R,0.34243073965348303,0.282272915031466,0.002821307654326326,21.322674444868916,21.322674444868916,nonlinear_ar1_sweep,0.75,3,4000
PE,0.9531229138175905,0.957784412855774,0.0021435656980548865,-2.174647150965984,2.174647150965984,nonlinear_ar1_sweep,0.75,4,4000
S_theta,0.697284344976845,0.7135750189431271,0.006920717055170592,-2.353899724033811,2.353899724033811,nonlinear_ar1_sweep,0.75,4,4000
gamma_R,0.3431946099436588,0.27940463817114014,0.002716583012372804,23.481694276222836,23.481694276222836,nonlinear_ar1_sweep,0.75,4,4000
PE,0.9523674472257329,0.9588203091279348,0.0022148089628457068,-2.913507219110658,2.913507219110658,nonlinear_ar1_sweep,0.75,5,4000
S_theta,0.714005338752164,0.7229613173041871,0.007359665196703654,-1.2169002682397088,1.2169002682397088,nonlinear_ar1_sweep,0.75,5,4000
gamma_R,0.3271548205642931,0.2640585271039165,0.003271641399373488,19.285821934047984,19.285821934047984,nonlinear_ar1_sweep,0.75,5,4000
PE,0.9524860541587754,0.9595596635791813,0.0017195945806914043,-4.113533212905217,4.113533212905217,nonlinear_ar1_sweep,0.75,6,4000
S_theta,0.7073090041100849,0.7271603669124331,0.007312253712309178,-2.7148077163858764,2.7148077163858764,nonlinear_ar1_sweep,0.75,6,4000
gamma_R,0.3347132843201517,0.2677536755695634,0.0030022257476880906,22.303322394110943,22.303322394110943,nonlinear_ar1_sweep,0.75,6,4000
PE,0.9485978199857248,0.9510453808006548,0.0021039738081088024,-1.163303842232744,1.163303842232744,nonlinear_ar1_sweep,0.75,7,4000
S_theta,0.7006741690046299,0.7094185191086679,0.007109594195792683,-1.229936598802334,1.229936598802334,nonlinear_ar1_sweep,0.75,7,4000
gamma_R,0.32923532924763177,0.27083313001579273,0.002951828225015928,19.785094111133077,19.785094111133077,nonlinear_ar1_sweep,0.75,7,4000
PE,0.9569338065800597,0.960043127409127,0.0024071474132923206,-1.29170353751399,1.29170353751399,nonlinear_ar1_sweep,0.75,8,4000
S_theta,0.7158857334887208,0.7238926011883186,0.007391417113777945,-1.0832655736168133,1.0832655736168133,nonlinear_ar1_sweep,0.75,8,4000
gamma_R,0.3390566536016527,0.2784775350898488,0.0032115816098230547,18.86270562968555,18.86270562968555,nonlinear_ar1_sweep,0.75,8,4000
PE,0.9559997572006873,0.9560293260588406,0.002072580387599471,-0.014266688197099853,0.014266688197099853,nonlinear_ar1_sweep,0.75,9,4000
S_theta,0.7009206532109548,0.7115020020254822,0.007869688491467516,-1.3445702235863541,1.3445702235863541,nonlinear_ar1_sweep,0.75,9,4000
gamma_R,0.3322349102871712,0.27818317467550285,0.0023070833662819476,23.4286009780293,23.4286009780293,nonlinear_ar1_sweep,0.75,9,4000
PE,0.956051522331883,0.9574106748399894,0.0021518845871230066,-0.6316103178765803,0.6316103178765803,nonlinear_ar1_sweep,0.75,10,4000
S_theta,0.7070661005990221,0.7310819616202962,0.00704239473430322,-3.4101838830893385,3.4101838830893385,nonlinear_ar1_sweep,0.75,10,4000
gamma_R,0.33165582480670597,0.26870464396975835,0.002745396576290894,22.929722205014325,22.929722205014325,nonlinear_ar1_sweep,0.75,10,4000
PE,0.9507902593396306,0.9579675432281168,0.0023034613269885085,-3.115869063827382,3.115869063827382,nonlinear_ar1_sweep,0.75,11,4000
S_theta,0.6909440891672555,0.7202724210433848,0.00698652686691482,-4.1978414217535915,4.1978414217535915,nonlinear_ar1_sweep,0.75,11,4000
gamma_R,0.33917800963731504,0.2704959696276945,0.002993379498423384,22.9446483634285,22.9446483634285,nonlinear_ar1_sweep,0.75,11,4000
PE,0.9518884438603623,0.9567830325838734,0.0018375155209201458,-2.6636992546654112,2.6636992546654112,nonlinear_ar1_sweep,0.75,12,4000
S_theta,0.7028393320487976,0.7078567972019587,0.007811610449880486,-0.6423086744216634,0.6423086744216634,nonlinear_ar1_sweep,0.75,12,4000
gamma_R,0.3389711843270943,0.28226578315059486,0.002874771254663635,19.725187207332876,19.725187207332876,nonlinear_ar1_sweep,0.75,12,4000
PE,0.9604546549308759,0.958184130605463,0.0019547038887649955,1.1615694522649171,1.1615694522649171,nonlinear_ar1_sweep,0.75,13,4000
S_theta,0.6987715201878961,0.720781085805746,0.007076360491493347,-3.110294570819001,3.110294570819001,nonlinear_ar1_sweep,0.75,13,4000
gamma_R,0.333981372414608,0.2787998877185053,0.0028629047499331354,19.274649181881276,19.274649181881276,nonlinear_ar1_sweep,0.75,13,4000
PE,0.9551691843640021,0.9608452143897545,0.0022794015504090247,-2.4901404602158905,2.4901404602158905,nonlinear_ar1_sweep,0.75,14,4000
S_theta,0.7144190427746172,0.7286970522027858,0.007280246612220089,-1.9611985951413475,1.9611985951413475,nonlinear_ar1_sweep,0.75,14,4000
gamma_R,0.34617053414262244,0.283916987818976,0.0032121097051405795,19.380890454649613,19.380890454649613,nonlinear_ar1_sweep,0.75,14,4000
PE,0.953967517775291,0.9584121068376871,0.0021561545519100337,-2.0613499428688167,2.0613499428688167,nonlinear_ar1_sweep,0.75,15,4000
S_theta,0.7084106332406201,0.7212264302315715,0.007074538890186847,-1.8115381355424123,1.8115381355424123,nonlinear_ar1_sweep,0.75,15,4000
gamma_R,0.3348344235179359,0.27305135839189915,0.0028790883649102944,21.45924587763105,21.45924587763105,nonlinear_ar1_sweep,0.75,15,4000
PE,0.9534252517371442,0.9567184749018864,0.002312303957643964,-1.424217241792787,1.424217241792787,nonlinear_ar1_sweep,0.75,16,4000
S_theta,0.6958363535396149,0.7099697691439437,0.007471065337783798,-1.8917537145407028,1.8917537145407028,nonlinear_ar1_sweep,0.75,16,4000
gamma_R,0.3458535614716002,0.2837496286784595,0.0026641803719079783,23.310708782327815,23.310708782327815,nonlinear_ar1_sweep,0.75,16,4000
PE,0.9596450018029727,0.9633835009311723,0.0019605773325380763,-1.9068358417466111,1.9068358417466111,nonlinear_ar1_sweep,0.75,17,4000
S_theta,0.7052843515127826,0.73220088024778,0.006688795511388452,-4.024121934833988,4.024121934833988,nonlinear_ar1_sweep,0.75,17,4000
gamma_R,0.3361148683997832,0.270770534057345,0.0031605083979297497,20.67526046924639,20.67526046924639,nonlinear_ar1_sweep,0.75,17,4000
PE,0.957349913852642,0.9619138803497678,0.0019340734987869641,-2.359768902261597,2.359768902261597,nonlinear_ar1_sweep,0.75,18,4000
S_theta,0.72065105316203,0.7232963625134885,0.007001582057287097,-0.37781594642674743,0.37781594642674743,nonlinear_ar1_sweep,0.75,18,4000
gamma_R,0.3401114363378993,0.2732129534740878,0.002854715389087906,23.43437917472602,23.43437917472602,nonlinear_ar1_sweep,0.75,18,4000
PE,0.9583713412187445,0.9623804573967405,0.002280309069932853,-1.75814595962384,1.75814595962384,nonlinear_ar1_sweep,0.75,19,4000
S_theta,0.7084421989693223,0.7271575905156971,0.0068359922818409,-2.737772480535165,2.737772480535165,nonlinear_ar1_sweep,0.75,19,4000
gamma_R,0.3385941364138143,0.27332496870222783,0.00299456228130822,21.79589588735241,21.79589588735241,nonlinear_ar1_sweep,0.75,19,4000
PE,0.9545037149776118,0.9604056061319757,0.0020633602713141506,-2.860329936761358,2.860329936761358,nonlinear_ar1_sweep,0.8999999999999999,0,4000
S_theta,0.6901126005774676,0.7091562067665315,0.006687140850157908,-2.8477949867938217,2.8477949867938217,nonlinear_ar1_sweep,0.8999999999999999,0,4000
gamma_R,0.3569922364654804,0.2944224096666467,0.0022126104572321057,28.278735913191998,28.278735913191998,nonlinear_ar1_sweep,0.8999999999999999,0,4000
PE,0.958650269303847,0.9640711914372712,0.0019504665131642401,-2.7792951567416546,2.7792951567416546,nonlinear_ar1_sweep,0.8999999999999999,1,4000
S_theta,0.7011026842581843,0.725681796299288,0.0074140113309513495,-3.315224504512552,3.315224504512552,nonlinear_ar1_sweep,0.8999999999999999,1,4000
gamma_R,0.3515385632198458,0.27982904166320444,0.0027778742321774665,25.814531387344726,25.814531387344726,nonlinear_ar1_sweep,0.8999999999999999,1,4000
PE,0.9614579170998366,0.9657788608642879,0.0020822433299947725,-2.075138722841818,2.075138722841818,nonlinear_ar1_sweep,0.8999999999999999,2,4000
S_theta,0.6968386766699236,0.7100710316515721,0.006269497292513611,-2.1105926622616553,2.1105926622616553,nonlinear_ar1_sweep,0.8999999999999999,2,4000
gamma_R,0.35793215996503847,0.2963367598387596,0.002175934180533111,28.3075658617522,28.3075658617522,nonlinear_ar1_sweep,0.8999999999999999,2,4000
PE,0.9639028092994231,0.9646114225174662,0.001963325216988643,-0.36092503264947506,0.36092503264947506,nonlinear_ar1_sweep,0.8999999999999999,3,4000
S_theta,0.7056451881532102,0.7124248688618438,0.0073255144675028125,-0.9254886791513866,0.9254886791513866,nonlinear_ar1_sweep,0.8999999999999999,3,4000
gamma_R,0.3555086113946042,0.29182961867004326,0.002426981449733432,26.237939614888756,26.237939614888756,nonlinear_ar1_sweep,0.8999999999999999,3,4000
PE,0.970980426914791,0.9704561157338272,0.001827846630192683,0.2868463755673987,0.2868463755673987,nonlinear_ar1_sweep,0.8999999999999999,4,4000
S_theta,0.7143508231022907,0.7314371595886934,0.007420008726817821,-2.3027380580629586,2.3027380580629586,nonlinear_ar1_sweep,0.8999999999999999,4,4000
gamma_R,0.3512715660979655,0.28418296456382414,0.002584812878796728,25.954916150592766,25.954916150592766,nonlinear_ar1_sweep,0.8999999999999999,4,4000
PE,0.9621761025495333,0.9643636078751466,0.0018164616275277961,-1.2042672922248772,1.2042672922248772,nonlinear_ar1_sweep,0.8999999999999999,5,4000
S_theta,0.703717412968533,0.7213018177034114,0.006791262886062929,-2.5892687457240475,2.5892687457240475,nonlinear_ar1_sweep,0.8999999999999999,5,4000
gamma_R,0.35510118542430924,0.2873741790275081,0.002664138999618895,25.421724019088145,25.421724019088145,nonlinear_ar1_sweep,0.8999999999999999,5,4000
PE,0.9611017314837786,0.9630232308455332,0.001978995044483933,-0.9709470304690114,0.9709470304690114,nonlinear_ar1_sweep,0.8999999999999999,6,4000
S_theta,0.7106057473287061,0.7220231044422748,0.007057591369042506,-1.6177413109591388,1.6177413109591388,nonlinear_ar1_sweep,0.8999999999999999,6,4000
gamma_R,0.3443474880844547,0.2822250695694066,0.00257081472238494,24.16448683529293,24.16448683529293,nonlinear_ar1_sweep,0.8999999999999999,6,4000
PE,0.9619912164577232,0.9609750384702275,0.0022192036544686853,0.45790208818804823,0.45790208818804823,nonlinear_ar1_sweep,0.8999999999999999,7,4000
S_theta,0.6988423439355193,0.7110665177129928,0.007414937332741047,-1.6485876048469148,1.6485876048469148,nonlinear_ar1_sweep,0.8999999999999999,7,4000
gamma_R,0.3526407670046978,0.2852429582969369,0.0020996568104420447,32.0994404288249,32.0994404288249,nonlinear_ar1_sweep,0.8999999999999999,7,4000
PE,0.9565725857085482,0.9653808900524787,0.0020083435623144625,-4.385855343285808,4.385855343285808,nonlinear_ar1_sweep,0.8999999999999999,8,4000
S_theta,0.724015873380849,0.731276393828901,0.007225845224088488,-1.0047987775669258,1.0047987775669258,nonlinear_ar1_sweep,0.8999999999999999,8,4000
gamma_R,0.3542702861999967,0.27795193289103126,0.0026588214854728976,28.703827513787164,28.703827513787164,nonlinear_ar1_sweep,0.8999999999999999,8,4000
PE,0.9631186516863041,0.967549353801913,0.0019238660738634193,-2.3030200364786246,2.3030200364786246,nonlinear_ar1_sweep,0.8999999999999999,9,4000
S_theta,0.7068213741647551,0.726122961263389,0.006853888362241828,-2.8161513696322618,2.8161513696322618,nonlinear_ar1_sweep,0.8999999999999999,9,4000
gamma_R,0.35579224127561626,0.28781442666298107,0.00263623931295503,25.785904291229567,25.785904291229567,nonlinear_ar1_sweep,0.8999999999999999,9,4000
PE,0.964132797286621,0.9671756087363487,0.002076588478549674,-1.4652934277343075,1.4652934277343075,nonlinear_ar1_sweep,0.8999999999999999,10,4000
S_theta,0.7181089095138056,0.7286482883638732,0.007354067840129193,-1.4331359295541206,1.4331359295541206,nonlinear_ar1_sweep,0.8999999999999999,10,4000
gamma_R,0.348060030983275,0.27963613546101646,0.002489785540777404,27.4818430750843,27.4818430750843,nonlinear_ar1_sweep,0.8999999999999999,10,4000
PE,0.9661936360428616,0.9675698878789869,0.001826667350777855,-0.7534222558580671,0.7534222558580671,nonlinear_ar1_sweep,0.8999999999999999,11,4000
S_theta,0.7169359339832412,0.730466009305879,0.006919149305584552,-1.9554535861391955,1.9554535861391955,nonlinear_ar1_sweep,0.8999999999999999,11,4000
gamma_R,0.3476200158277637,0.280486062665476,0.0022401706793031065,29.9682313417174,29.9682313417174,nonlinear_ar1_sweep,0.8999999999999999,11,4000
PE,0.9576423220325505,0.9621408653079372,0.0020191152159991592,-2.2279775020964196,2.2279775020964196,nonlinear_ar1_sweep,0.8999999999999999,12,4000
S_theta,0.6864676119952667,0.7097972598705691,0.007846532330698895,-2.9732430699389414,2.9732430699389414,nonlinear_ar1_sweep,0.8999999999999999,12,4000
gamma_R,0.3526405012998446,0.28920737040254035,0.002362372136039484,26.851455759061675,26.851455759061675,nonlinear_ar1_sweep,0.8999999999999999,12,4000
PE,0.9571567491213243,0.960745915089489,0.0020672322210810745,-1.736218085014048,1.736218085014048,nonlinear_ar1_sweep,0.8999999999999999,13,4000
S_theta,0.7078461782312055,0.727389926573053,0.00667586870260473,-2.9275213777380107,2.9275213777380107,nonlinear_ar1_sweep,0.8999999999999999,13,4000
gamma_R,0.3479897209462125,0.2841691663069776,0.0029505568868726764,21.630003109982038,21.630003109982038,nonlinear_ar1_sweep,0.8999999999999999,13,4000
PE,0.9645060018098385,0.9641450249239211,0.0018535311105351857,0.1947509183232322,0.1947509183232322,nonlinear_ar1_sweep,0.8999999999999999,14,4000
S_theta,0.7019894083388434,0.7149100452352397,0.007676756096381255,-1.6830855030664564,1.6830855030664564,nonlinear_ar1_sweep,0.8999999999999999,14,4000
gamma_R,0.35269752674210053,0.2877934450045677,0.0023305839973728226,27.848848962619105,27.848848962619105,nonlinear_ar1_sweep,0.8999999999999999,14,4000
PE,0.9623744675761947,0.9636057375103536,0.002005819866260068,-0.6138487083860868,0.6138487083860868,nonlinear_ar1_sweep,0.8999999999999999,15,4000
S_theta,0.7042443153823471,0.7141608467805424,0.006839181099836074,-1.4499588844683389,1.4499588844683389,nonlinear_ar1_sweep,0.8999999999999999,15,4000
gamma_R,0.3426564742820478,0.27777311466240817,0.0026906882554855517,24.11403829015154,24.11403829015154,nonlinear_ar1_sweep,0.8999999999999999,15,4000
PE,0.9649531445992553,0.9661231645991717,0.001956213971574621,-0.5981043060308001,0.5981043060308001,nonlinear_ar1_sweep,0.8999999999999999,16,4000
S_theta,0.700029307513501,0.724815977673552,0.007528224100144494,-3.292498978553951,3.292498978553951,nonlinear_ar1_sweep,0.8999999999999999,16,4000
gamma_R,0.3550215414064738,0.29062678754026566,0.0027794865252381193,23.16785970411978,23.16785970411978,nonlinear_ar1_sweep,0.8999999999999999,16,4000
PE,0.9649629968526208,0.9663222685625534,0.0020221582411205034,-0.6721885964668491,0.6721885964668491,nonlinear_ar1_sweep,0.8999999999999999,17,4000
S_theta,0.7117962952350954,0.7171645800377533,0.005876503807345464,-0.913516774369777,0.913516774369777,nonlinear_ar1_sweep,0.8999999999999999,17,4000
gamma_R,0.35717010567483587,0.29254541449845023,0.0023710374070502935,27.255871621520498,27.255871621520498,nonlinear_ar1_sweep,0.8999999999999999,17,4000
PE,0.9607083398270296,0.9625896081883546,0.0023035083872699424,-0.816696987830199,0.816696987830199,nonlinear_ar1_sweep,0.8999999999999999,18,4000
S_theta,0.7044350244337114,0.7133373788670256,0.007726272118206599,-1.1522185987128561,1.1522185987128561,nonlinear_ar1_sweep,0.8999999999999999,18,4000
gamma_R,0.35313252201426537,0.28818187312366444,0.002318632820095958,28.012477149319793,28.012477149319793,nonlinear_ar1_sweep,0.8999999999999999,18,4000
PE,0.965369306189873,0.9686256020884751,0.0021827186471323895,-1.4918532458959637,1.4918532458959637,nonlinear_ar1_sweep,0.8999999999999999,19,4000
S_theta,0.7249414315283759,0.7298658733925854,0.00739303797483915,-0.6660917854025529,0.6660917854025529,nonlinear_ar1_sweep,0.8999999999999999,19,4000
gamma_R,0.35368832721899035,0.28531462941679353,0.002475124644280082,27.62434528709728,27.62434528709728,nonlinear_ar1_sweep,0.8999999999999999,19,4000
PE,0.9665712755355927,0.9692597522824852,0.0018581958134613345,-1.446821011766516,1.446821011766516,nonlinear_ar1_sweep,1.05,0,4000
S_theta,0.7186004257605829,0.7459465753962341,0.00726707688647478,-3.7630191702728295,3.7630191702728295,nonlinear_ar1_sweep,1.05,0,4000
gamma_R,0.34962031874435406,0.28163169563908635,0.0028113369764217935,24.183733104738693,24.183733104738693,nonlinear_ar1_sweep,1.05,0,4000
PE,0.9712695154347148,0.970648477640177,0.0019827659129763586,0.3132179096248263,0.3132179096248263,nonlinear_ar1_sweep,1.05,1,4000
S_theta,0.7154799452622749,0.7361683608787378,0.007595915458979072,-2.723623732805944,2.723623732805944,nonlinear_ar1_sweep,1.05,1,4000
gamma_R,0.3581745356907807,0.2911548841717235,0.0025636801653539285,26.1419706033435,26.1419706033435,nonlinear_ar1_sweep,1.05,1,4000
PE,0.9670863085411511,0.9717613607921268,0.0017631851746919356,-2.6514811479132248,2.6514811479132248,nonlinear_ar1_sweep,1.05,2,4000
S_theta,0.7062086663805197,0.7278572434048654,0.0070765949814707435,-3.0591798853869645,3.0591798853869645,nonlinear_ar1_sweep,1.05,2,4000
gamma_R,0.3615424838577924,0.29261086243215645,0.0020792910540952856,33.151501945757474,33.151501945757474,nonlinear_ar1_sweep,1.05,2,4000
PE,0.970380558419951,0.9684887433996312,0.0018979910660416415,0.9967460090659135,0.9967460090659135,nonlinear_ar1_sweep,1.05,3,4000
S_theta,0.7119949116065374,0.7155855347568886,0.007429422766615424,-0.48329772892799705,0.48329772892799705,nonlinear_ar1_sweep,1.05,3,4000
gamma_R,0.3577799083159059,0.2911532355992617,0.002396172508584099,27.805457444303105,27.805457444303105,nonlinear_ar1_sweep,1.05,3,4000
PE,0.9672790312140612,0.9699495242975236,0.0018120489157879716,-1.4737422705286503,1.4737422705286503,nonlinear_ar1_sweep,1.05,4,4000
S_theta,0.7171321534218159,0.7174343496587957,0.00720162802373439,-0.041962211319975705,0.041962211319975705,nonlinear_ar1_sweep,1.05,4,4000
gamma_R,0.3625718109612208,0.29301867433215895,0.00217636110098946,31.958454227765905,31.958454227765905,nonlinear_ar1_sweep,1.05,4,4000
PE,0.9637176642958883,0.9680558523627072,0.0019705444863947386,-2.2015174469650747,2.2015174469650747,nonlinear_ar1_sweep,1.05,5,4000
S_theta,0.7085370388075538,0.7198149717527015,0.007957973426622814,-1.4171865549862455,1.4171865549862455,nonlinear_ar1_sweep,1.05,5,4000
gamma_R,0.36153669551260403,0.28757357163735864,0.0026016188588150924,28.42965395358946,28.42965395358946,nonlinear_ar1_sweep,1.05,5,4000
PE,0.9696016871066762,0.9688520153557597,0.0021999428190967825,0.3407687438095485,0.3407687438095485,nonlinear_ar1_sweep,1.05,6,4000
S_theta,0.7153390026365902,0.728391858294866,0.007262762973607805,-1.7972300219225914,1.7972300219225914,nonlinear_ar1_sweep,1.05,6,4000
gamma_R,0.36073981786826903,0.29491351398927507,0.002071025452617074,31.78440119884178,31.78440119884178,nonlinear_ar1_sweep,1.05,6,4000
PE,0.969402668564574,0.9714411730142237,0.0018547703325242299,-1.0990603062296247,1.0990603062296247,nonlinear_ar1_sweep,1.05,7,4000
S_theta,0.7073753159455848,0.7092077177823672,0.00703057025431619,-0.2606334579556355,0.2606334579556355,nonlinear_ar1_sweep,1.05,7,4000
gamma_R,0.3614160099612057,0.2984140103320629,0.002270592036613717,27.746948202593824,27.746948202593824,nonlinear_ar1_sweep,1.05,7,4000
PE,0.96670598009239,0.9720836908261344,0.0016379723502508293,-3.2831511062570615,3.2831511062570615,nonlinear_ar1_sweep,1.05,8,4000
S_theta,0.709928736805172,0.7280042442845869,0.007840596493660219,-2.3053740227584028,2.3053740227584028,nonlinear_ar1_sweep,1.05,8,4000
gamma_R,0.36239173172027506,0.2928344177139083,0.001976938381389024,35.18436116228107,35.18436116228107,nonlinear_ar1_sweep,1.05,8,4000
PE,0.965910994897163,0.9688589499965006,0.0018871782207296023,-1.5620968210399497,1.5620968210399497,nonlinear_ar1_sweep,1.05,9,4000
S_theta,0.7056441091618285,0.7149757473458931,0.007643202458626553,-1.2209068429859993,1.2209068429859993,nonlinear_ar1_sweep,1.05,9,4000
gamma_R,0.35850387316614707,0.2919575438800044,0.002201691044822494,30.22509876789176,30.22509876789176,nonlinear_ar1_sweep,1.05,9,4000
PE,0.9696776987390048,0.9728714067302984,0.001752241016449623,-1.8226419546807886,1.8226419546807886,nonlinear_ar1_sweep,1.05,10,4000
S_theta,0.7287564776475434,0.7399839025032725,0.006203155253001473,-1.8099538698949398,1.8099538698949398,nonlinear_ar1_sweep,1.05,10,4000
gamma_R,0.36275306195189083,0.29226074058029694,0.002304548124882197,30.588348583606727,30.588348583606727,nonlinear_ar1_sweep,1.05,10,4000
PE,0.9685989480217009,0.9697011829826301,0.0018147433586578473,-0.6073778728383933,0.6073778728383933,nonlinear_ar1_sweep,1.05,11,4000
S_theta,0.7060285614203622,0.7288729668468519,0.008618193834372933,-2.6507184527895764,2.6507184527895764,nonlinear_ar1_sweep,1.05,11,4000
gamma_R,0.3615457527007767,0.3028602961140538,0.002457298560004656,23.882102704936155,23.882102704936155,nonlinear_ar1_sweep,1.05,11,4000
PE,0.9696634074408064,0.9718881661816752,0.0017235645411980097,-1.2907893424881125,1.2907893424881125,nonlinear_ar1_sweep,1.05,12,4000
S_theta,0.709873779176927,0.7206630063413932,0.007345871810160138,-1.4687469974011274,1.4687469974011274,nonlinear_ar1_sweep,1.05,12,4000
gamma_R,0.35964057484102274,0.29159465406475066,0.0021937546578417273,31.01801768627009,31.01801768627009,nonlinear_ar1_sweep,1.05,12,4000
PE,0.9718579759794876,0.9717172186665693,0.0017509127628399265,0.08039082009430883,0.08039082009430883,nonlinear_ar1_sweep,1.05,13,4000
S_theta,0.6993776074247939,0.7152347317799601,0.007667334911918465,-2.0681403039427844,2.0681403039427844,nonlinear_ar1_sweep,1.05,13,4000
gamma_R,0.36231547283226184,0.29863998703385863,0.002247283716783175,28.33442227292515,28.33442227292515,nonlinear_ar1_sweep,1.05,13,4000
PE,0.9681992440669647,0.9697708273542972,0.0019280936862587578,-0.8150969522554733,0.8150969522554733,nonlinear_ar1_sweep,1.05,14,4000
S_theta,0.7188488709713525,0.7221829603736525,0.007946921228033373,-0.4195447905710579,0.4195447905710579,nonlinear_ar1_sweep,1.05,14,4000
gamma_R,0.3616720637127624,0.2933990803382397,0.002350587013971473,29.045078088460528,29.045078088460528,nonlinear_ar1_sweep,1.05,14,4000
PE,0.9692095432021163,0.9703549926322488,0.002011338386976614,-0.569496131307031,0.569496131307031,nonlinear_ar1_sweep,1.05,15,4000
S_theta,0.7239901447799513,0.7188802225220094,0.006964971405820321,0.7336601918669308,0.7336601918669308,nonlinear_ar1_sweep,1.05,15,4000
gamma_R,0.3559127960877069,0.2891031173717933,0.002149881856924363,31.075976803437943,31.075976803437943,nonlinear_ar1_sweep,1.05,15,4000
PE,0.9707465410237026,0.9723124552488898,0.0017098102217783565,-0.9158409543010315,0.9158409543010315,nonlinear_ar1_sweep,1.05,16,4000
S_theta,0.715825046015511,0.7238189052632865,0.007421609924875989,-1.077105820528433,1.077105820528433,nonlinear_ar1_sweep,1.05,16,4000
gamma_R,0.36337640780123337,0.2983458898205152,0.0019692417463100425,33.02312583133692,33.02312583133692,nonlinear_ar1_sweep,1.05,16,4000
PE,0.9651948781432971,0.9684098947967621,0.0020216964609805804,-1.5902568538432542,1.5902568538432542,nonlinear_ar1_sweep,1.05,17,4000
S_theta,0.7103761902758569,0.7285657502631908,0.007406626957681388,-2.455849348328476,2.455849348328476,nonlinear_ar1_sweep,1.05,17,4000
gamma_R,0.35967479808067715,0.2913452823385386,0.002215290853131663,30.844489627871653,30.844489627871653,nonlinear_ar1_sweep,1.05,17,4000
PE,0.9700569865054035,0.9750942945072388,0.0015806811193837132,-3.186795831280194,3.186795831280194,nonlinear_ar1_sweep,1.05,18,4000
S_theta,0.7189871651957955,0.734761576561042,0.0076907906030914165,-2.0510779943619517,2.0510779943619517,nonlinear_ar1_sweep,1.05,18,4000
gamma_R,0.36398343285151236,0.2917626123089925,0.0022549353277446964,32.02788995937746,32.02788995937746,nonlinear_ar1_sweep,1.05,18,4000
PE,0.9735617295230012,0.9708307078124715,0.0019132822173029951,1.427401397363874,1.427401397363874,nonlinear_ar1_sweep,1.05,19,4000
S_theta,0.7087370654358394,0.7249882106613994,0.0074841886578517055,-2.1713970569823715,2.1713970569823715,nonlinear_ar1_sweep,1.05,19,4000
gamma_R,0.3562940312971823,0.2863018955064923,0.0028408593650722045,24.637663043524515,24.637663043524515,nonlinear_ar1_sweep,1.05,19,4000
PE,0.9762409518713749,0.9764604089247174,0.0017047742039081346,-0.12873086232732642,0.12873086232732642,nonlinear_ar1_sweep,1.2,0,4000
S_theta,0.7241632956850158,0.7210220641714755,0.007578093262326701,0.41451476048156155,0.41451476048156155,nonlinear_ar1_sweep,1.2,0,4000
gamma_R,0.36405213886578225,0.2970960205423169,0.002111580198090307,31.709010334544647,31.709010334544647,nonlinear_ar1_sweep,1.2,0,4000
PE,0.9768942848693383,0.9761489231731337,0.00181543641870577,0.4105688794851372,0.4105688794851372,nonlinear_ar1_sweep,1.2,1,4000
S_theta,0.7283032610495198,0.7221609053837161,0.007973020788486471,0.7703925311061041,0.7703925311061041,nonlinear_ar1_sweep,1.2,1,4000
gamma_R,0.363902866770073,0.29887050424993,0.0020066726539394166,32.40805738418479,32.40805738418479,nonlinear_ar1_sweep,1.2,1,4000
PE,0.9725258724907793,0.9754657471950543,0.0017486382144054607,-1.6812366789516822,1.6812366789516822,nonlinear_ar1_sweep,1.2,2,4000
S_theta,0.7225495117982619,0.7285315942733063,0.007711641418521568,-0.7757210365975812,0.7757210365975812,nonlinear_ar1_sweep,1.2,2,4000
gamma_R,0.3606479221222607,0.2891922415546572,0.002325081656733303,30.732546687412867,30.732546687412867,nonlinear_ar1_sweep,1.2,2,4000
PE,0.9773476389983078,0.9782689311678503,0.0016711418087436171,-0.5512950275806616,0.5512950275806616,nonlinear_ar1_sweep,1.2,3,4000
S_theta,0.7042675599192997,0.7103150995696335,0.007366804687529092,-0.8209176036078933,0.8209176036078933,nonlinear_ar1_sweep,1.2,3,4000
gamma_R,0.3640654253953576,0.3086126313541168,0.002024698130559981,27.38817861500366,27.38817861500366,nonlinear_ar1_sweep,1.2,3,4000
PE,0.9754427092246899,0.9750664504435665,0.0016405291678015731,0.22935208255246364,0.22935208255246364,nonlinear_ar1_sweep,1.2,4,4000
S_theta,0.7144570625872968,0.740608533046022,0.006736373903336008,-3.8821286992063224,3.8821286992063224,nonlinear_ar1_sweep,1.2,4,4000
gamma_R,0.36234284310306986,0.29245130452743967,0.002154042195589149,32.44668963251866,32.44668963251866,nonlinear_ar1_sweep,1.2,4,4000
PE,0.9750796818766023,0.9757060734297319,0.001436833992793004,-0.43595262658839534,0.43595262658839534,nonlinear_ar1_sweep,1.2,5,4000
S_theta,0.7078656092114537,0.7164619856001903,0.008154850540100175,-1.0541427272597153,1.0541427272597153,nonlinear_ar1_sweep,1.2,5,4000
gamma_R,0.3606388688445952,0.2966000681568536,0.0024232297489042293,26.427044615435072,26.427044615435072,nonlinear_ar1_sweep,1.2,5,4000
PE,0.9780980206005093,0.9764166714467558,0.0018441860285914927,0.911702576468193,0.911702576468193,nonlinear_ar1_sweep,1.2,6,4000
S_theta,0.719923497824077,0.7179381942972184,0.00784524311474655,0.253058254259441,0.253058254259441,nonlinear_ar1_sweep,1.2,6,4000
gamma_R,0.362344378636295,0.3016820541231952,0.0021446035946614053,28.28603135055235,28.28603135055235,nonlinear_ar1_sweep,1.2,6,4000
PE,0.9792601148296589,0.9752885013667557,0.0017386599023684003,2.284295771411691,2.284295771411691,nonlinear_ar1_sweep,1.2,7,4000
S_theta,0.7247365527918004,0.7144382872320426,0.007943845623934017,1.2963828915217233,1.2963828915217233,nonlinear_ar1_sweep,1.2,7,4000
gamma_R,0.36053084442318184,0.3002888615445862,0.0018180758838344474,33.13502115849043,33.13502115849043,nonlinear_ar1_sweep,1.2,7,4000
PE,0.9749407188799348,0.974562674603344,0.0018819099007667984,0.20088330288117973,0.20088330288117973,nonlinear_ar1_sweep,1.2,8,4000
S_theta,0.7037490333073959,0.714270251369935,0.007757095334198335,-1.356334763110974,1.356334763110974,nonlinear_ar1_sweep,1.2,8,4000
gamma_R,0.3633979925561066,0.3031661617347809,0.0018501259189444852,32.55553052069481,32.55553052069481,nonlinear_ar1_sweep,1.2,8,4000
PE,0.9737425957938461,0.974942579819083,0.0017760412235595738,-0.6756509980280082,0.6756509980280082,nonlinear_ar1_sweep,1.2,9,4000
S_theta,0.7162307004328455,0.7386857144954242,0.007669886713401864,-2.9276852320833133,2.9276852320833133,nonlinear_ar1_sweep,1.2,9,4000
gamma_R,0.36169789426901167,0.29355421164052875,0.0026104852487113844,26.10383746168293,26.10383746168293,nonlinear_ar1_sweep,1.2,9,4000
PE,0.9770892461947488,0.9752020373428475,0.0017349147535049739,1.0877818913515225,1.0877818913515225,nonlinear_ar1_sweep,1.2,10,4000
S_theta,0.7333653582286473,0.7339016067861482,0.0081046775997818,-0.06616531637425442,0.06616531637425442,nonlinear_ar1_sweep,1.2,10,4000
gamma_R,0.3609575679830036,0.2926270882328626,0.002130176217036723,32.07738364725299,32.07738364725299,nonlinear_ar1_sweep,1.2,10,4000
PE,0.9723328632005049,0.9726237814686384,0.0018392772091066847,-0.1581698868952597,0.1581698868952597,nonlinear_ar1_sweep,1.2,11,4000
S_theta,0.7324079410344017,0.7427136544032666,0.006336899258712855,-1.626302225760533,1.626302225760533,nonlinear_ar1_sweep,1.2,11,4000
gamma_R,0.357582786780958,0.29578666241613993,0.002525964174199787,24.464370871132715,24.464370871132715,nonlinear_ar1_sweep,1.2,11,4000
PE,0.9792272755679595,0.9771840927570972,0.0015828718519843134,1.2908074701694818,1.2908074701694818,nonlinear_ar1_sweep,1.2,12,4000
S_theta,0.7140323413479662,0.7298994614821859,0.00779529511200919,-2.0354739501491426,2.0354739501491426,nonlinear_ar1_sweep,1.2,12,4000
gamma_R,0.35965041391657004,0.2969238872811839,0.0019675429449992447,31.8806391468168,31.8806391468168,nonlinear_ar1_sweep,1.2,12,4000
PE,0.9760628188270404,0.9772490743494814,0.0016721274886499788,-0.7094288745882339,0.7094288745882339,nonlinear_ar1_sweep,1.2,13,4000
S_theta,0.7331186958828239,0.733302589129003,0.006454948958942292,-0.02848872196338969,0.02848872196338969,nonlinear_ar1_sweep,1.2,13,4000
gamma_R,0.3657068128484785,0.3018495990547542,0.002412467352502803,26.469669621632768,26.469669621632768,nonlinear_ar1_sweep,1.2,13,4000
PE,0.9807200897188537,0.9773847012398567,0.001582453655131124,2.107732171607063,2.107732171607063,nonlinear_ar1_sweep,1.2,14,4000
S_theta,0.7075133111068241,0.7194270988480806,0.007926383408562039,-1.5030546880166429,1.5030546880166429,nonlinear_ar1_sweep,1.2,14,4000
gamma_R,0.36369465731190476,0.30275385723440196,0.0022425728082538176,27.174502363182775,27.174502363182775,nonlinear_ar1_sweep,1.2,14,4000
PE,0.9738103224146794,0.9743872261697323,0.0014796144585712747,-0.3899014041874047,0.3899014041874047,nonlinear_ar1_sweep,1.2,15,4000
S_theta,0.7140909440903861,0.7214419012002865,0.007273986556714675,-1.010581618839354,1.010581618839354,nonlinear_ar1_sweep,1.2,15,4000
gamma_R,0.35786803444262116,0.29436293284935844,0.002384876822978115,26.62825223566923,26.62825223566923,nonlinear_ar1_sweep,1.2,15,4000
PE,0.9673487937635455,0.9723048404987041,0.0017249836575860301,-2.873097790441774,2.873097790441774,nonlinear_ar1_sweep,1.2,16,4000
S_theta,0.7141723883375372,0.7289563923122614,0.007492176161910628,-1.9732589911439125,1.9732589911439125,nonlinear_ar1_sweep,1.2,16,4000
gamma_R,0.3671492715964698,0.29639296564988293,0.0018496275246039204,38.254353920116245,38.254353920116245,nonlinear_ar1_sweep,1.2,16,4000
PE,0.9779900816657313,0.9796094549715626,0.0017153564307397734,-0.9440447925641349,0.9440447925641349,nonlinear_ar1_sweep,1.2,17,4000
S_theta,0.7191499232198211,0.7247826131419511,0.007972648287515574,-0.7065017443388706,0.7065017443388706,nonlinear_ar1_sweep,1.2,17,4000
gamma_R,0.36575283826487714,0.30670388293799955,0.002190983696952011,26.950887589452904,26.950887589452904,nonlinear_ar1_sweep,1.2,17,4000
PE,0.9740781909405211,0.9759590635726119,0.0015004244969692975,-1.2535603330190692,1.2535603330190692,nonlinear_ar1_sweep,1.2,18,4000
S_theta,0.7165223767892178,0.7280711935465878,0.007310316387164384,-1.5797971176251182,1.5797971176251182,nonlinear_ar1_sweep,1.2,18,4000
gamma_R,0.36065265113586253,0.2895630861449319,0.002470473373470897,28.775685564687212,28.775685564687212,nonlinear_ar1_sweep,1.2,18,4000
PE,0.9794151504490234,0.9778317128251486,0.0015412451404009622,1.027375582487071,1.027375582487071,nonlinear_ar1_sweep,1.2,19,4000
S_theta,0.7243062460844164,0.724617619053082,0.007276114916379176,-0.042793849773405945,0.042793849773405945,nonlinear_ar1_sweep,1.2,19,4000
gamma_R,0.35612881034685473,0.29391817961150646,0.002354171722458444,26.42569789700055,26.42569789700055,nonlinear_ar1_sweep,1.2,19,4000
PE,0.9800154324724171,0.9798419879320914,0.0014852782299898063,0.1167757911100808,0.1167757911100808,nonlinear_ar1_sweep,1.3499999999999999,0,4000
S_theta,0.7521674794940447,0.7339136703937325,0.007218635303612795,2.528706373513089,2.528706373513089,nonlinear_ar1_sweep,1.3499999999999999,0,4000
gamma_R,0.3583639745984446,0.2902757138514177,0.0019422465648217904,35.056445448404894,35.056445448404894,nonlinear_ar1_sweep,1.3499999999999999,0,4000
PE,0.9834784131301404,0.9813628015185265,0.0013510436983876475,1.5659090924584345,1.5659090924584345,nonlinear_ar1_sweep,1.3499999999999999,1,4000
S_theta,0.7506667056005495,0.7486819364996877,0.007389088550194478,0.26860810875104785,0.26860810875104785,nonlinear_ar1_sweep,1.3499999999999999,1,4000
gamma_R,0.3592606945256711,0.2924838834609179,0.00179166025622217,37.2709116211331,37.2709116211331,nonlinear_ar1_sweep,1.3499999999999999,1,4000
PE,0.981684525514939,0.9816877637863165,0.0014498961214191282,-0.002233450610463734,0.002233450610463734,nonlinear_ar1_sweep,1.3499999999999999,2,4000
S_theta,0.7510020409025786,0.742719263324154,0.006909520367727006,1.1987485581650146,1.1987485581650146,nonlinear_ar1_sweep,1.3499999999999999,2,4000
gamma_R,0.3607306435491848,0.2940140222469686,0.002162079435837928,30.857617993281437,30.857617993281437,nonlinear_ar1_sweep,1.3499999999999999,2,4000
PE,0.9799273098803152,0.9795400350346781,0.0016734115396355377,0.23142833455146383,0.23142833455146383,nonlinear_ar1_sweep,1.3499999999999999,3,4000
S_theta,0.7420532491612605,0.7550610378527438,0.008017601495174177,-1.622403994425611,1.622403994425611,nonlinear_ar1_sweep,1.3499999999999999,3,4000
gamma_R,0.34799100860348,0.2979085495625707,0.003385353126423327,14.79386556457173,14.79386556457173,nonlinear_ar1_sweep,1.3499999999999999,3,4000
PE,0.9791452246003045,0.9799353227244082,0.001364784050132594,-0.578918052293275,0.578918052293275,nonlinear_ar1_sweep,1.3499999999999999,4,4000
S_theta,0.7269670809822579,0.7395522936072499,0.0072680502815689885,-1.7315802914719496,1.7315802914719496,nonlinear_ar1_sweep,1.3499999999999999,4,4000
gamma_R,0.36205424490011207,0.2891715831922883,0.002028431852289932,35.930544881527695,35.930544881527695,nonlinear_ar1_sweep,1.3499999999999999,4,4000
PE,0.9803161912971745,0.9811174012819031,0.0015225223493707126,-0.526238570527192,0.526238570527192,nonlinear_ar1_sweep,1.3499999999999999,5,4000
S_theta,0.7301802441129551,0.7455183628070364,0.006430891494843739,-2.385068805216095,2.385068805216095,nonlinear_ar1_sweep,1.3499999999999999,5,4000
gamma_R,0.361405337400851,0.2917199870607366,0.002025410096702639,34.405550981286176,34.405550981286176,nonlinear_ar1_sweep,1.3499999999999999,5,4000
PE,0.9836577153665487,0.9817326354403836,0.0013676125984382064,1.4076207899543325,1.4076207899543325,nonlinear_ar1_sweep,1.3499999999999999,6,4000
S_theta,0.7508689214884173,0.7512770627421959,0.007189326177245198,-0.05677044603572543,0.05677044603572543,nonlinear_ar1_sweep,1.3499999999999999,6,4000
gamma_R,0.3557402332768397,0.29015647674579786,0.0019799386071485147,33.12413642233827,33.12413642233827,nonlinear_ar1_sweep,1.3499999999999999,6,4000
PE,0.9776674695469605,0.9784836775212216,0.0014645790243379446,-0.5572986917725635,0.5572986917725635,nonlinear_ar1_sweep,1.3499999999999999,7,4000
S_theta,0.7428355755980882,0.748524934918049,0.007454360281282341,-0.7632256968108353,0.7632256968108353,nonlinear_ar1_sweep,1.3499999999999999,7,4000
gamma_R,0.35988544642714404,0.28507113250458677,0.0018939665252848794,39.50139187982963,39.50139187982963,nonlinear_ar1_sweep,1.3499999999999999,7,4000
PE,0.9835779024623293,0.981237947228219,0.0015033504255495607,1.5564935455783433,1.5564935455783433,nonlinear_ar1_sweep,1.3499999999999999,8,4000
S_theta,0.7427636555934041,0.7426165570218282,0.007226708482248416,0.020354850612452506,0.020354850612452506,nonlinear_ar1_sweep,1.3499999999999999,8,4000
gamma_R,0.35493997424554924,0.2873159938217333,0.0018973691052591884,35.640919964583404,35.640919964583404,nonlinear_ar1_sweep,1.3499999999999999,8,4000
PE,0.980290502035444,0.9820780477111367,0.0016717102757511238,-1.0692915522634776,1.0692915522634776,nonlinear_ar1_sweep,1.3499999999999999,9,4000
S_theta,0.7325790518684305,0.7225575772825081,0.007461379722536842,1.3431127966390553,1.3431127966390553,nonlinear_ar1_sweep,1.3499999999999999,9,4000
gamma_R,0.35930276249166515,0.2960220459138665,0.0028448483290253626,22.243968485827313,22.243968485827313,nonlinear_ar1_sweep,1.3499999999999999,9,4000
PE,0.9827917888616928,0.9797445481362136,0.0014551759572487236,2.094070280848101,2.094070280848101,nonlinear_ar1_sweep,1.3499999999999999,10,4000
S_theta,0.7353760207253202,0.7404267350217927,0.007452250382547245,-0.6777435052774148,0.6777435052774148,nonlinear_ar1_sweep,1.3499999999999999,10,4000
gamma_R,0.35910758681338883,0.29434646021689054,0.0019501886135873817,33.207622147567506,33.207622147567506,nonlinear_ar1_sweep,1.3499999999999999,10,4000
PE,0.9794257122553328,0.97968713086145,0.0015181953214473466,-0.17219036472062804,0.17219036472062804,nonlinear_ar1_sweep,1.3499999999999999,11,4000
S_theta,0.7387656614758017,0.7401005643420561,0.007352724173670977,-0.1815521478467074,0.1815521478467074,nonlinear_ar1_sweep,1.3499999999999999,11,4000
gamma_R,0.3602961011300789,0.30088621608276933,0.0022427507293675897,26.489740598172485,26.489740598172485,nonlinear_ar1_sweep,1.3499999999999999,11,4000
PE,0.979740881382996,0.9810925894798072,0.0015379185891209362,-0.8789204489580976,0.8789204489580976,nonlinear_ar1_sweep,1.3499999999999999,12,4000
S_theta,0.7331361320636388,0.7356794624288835,0.007878889810084885,-0.3228031393444855,0.3228031393444855,nonlinear_ar1_sweep,1.3499999999999999,12,4000
gamma_R,0.35886779578323724,0.29271008686026934,0.00223293374664543,29.628155793855342,29.628155793855342,nonlinear_ar1_sweep,1.3499999999999999,12,4000
PE,0.9831744974050601,0.9820161429117323,0.0014295457993764437,0.8102954755510879,0.8102954755510879,nonlinear_ar1_sweep,1.3499999999999999,13,4000
S_theta,0.7203042323756993,0.7298233254004939,0.007422399276363109,-1.2824819401872485,1.2824819401872485,nonlinear_ar1_sweep,1.3499999999999999,13,4000
gamma_R,0.3598770346582266,0.3002881285271595,0.0017493689988472907,34.063085701376856,34.063085701376856,nonlinear_ar1_sweep,1.3499999999999999,13,4000
PE,0.9773829794590515,0.9798156720437615,0.0014758832258797163,-1.6482961131697826,1.6482961131697826,nonlinear_ar1_sweep,1.3499999999999999,14,4000
S_theta,0.7446082258155156,0.740953127544508,0.007497013671136251,0.487540563662004,0.487540563662004,nonlinear_ar1_sweep,1.3499999999999999,14,4000
gamma_R,0.3603306629478472,0.28510666131099066,0.002343397295401479,32.100404734814255,32.100404734814255,nonlinear_ar1_sweep,1.3499999999999999,14,4000
PE,0.9819228890051539,0.98383018838225,0.0014861138789297327,-1.2834140129757092,1.2834140129757092,nonlinear_ar1_sweep,1.3499999999999999,15,4000
S_theta,0.7417552249808573,0.7308991282850015,0.007822703913180669,1.3877678122987815,1.3877678122987815,nonlinear_ar1_sweep,1.3499999999999999,15,4000
gamma_R,0.3537620237408299,0.2950789454806102,0.002560824757091415,22.91569467911265,22.91569467911265,nonlinear_ar1_sweep,1.3499999999999999,15,4000
PE,0.9836208078881582,0.9842965347708688,0.001457856084517506,-0.46350726240182916,0.46350726240182916,nonlinear_ar1_sweep,1.3499999999999999,16,4000
S_theta,0.7448976077172229,0.7521019504286878,0.007127755154713682,-1.010744975814795,1.010744975814795,nonlinear_ar1_sweep,1.3499999999999999,16,4000
gamma_R,0.35927870712964416,0.28229551092318844,0.0022113948943655935,34.812052972809596,34.812052972809596,nonlinear_ar1_sweep,1.3499999999999999,16,4000
PE,0.9856751537701721,0.9838920840949786,0.0014527432050011836,1.227381184131596,1.227381184131596,nonlinear_ar1_sweep,1.3499999999999999,17,4000
S_theta,0.7465687511552866,0.7415045712313961,0.009146082518600728,0.5536993476268458,0.5536993476268458,nonlinear_ar1_sweep,1.3499999999999999,17,4000
gamma_R,0.35801351089100386,0.2938453486027841,0.002579227072164598,24.87883404324191,24.87883404324191,nonlinear_ar1_sweep,1.3499999999999999,17,4000
PE,0.9803977107153822,0.9810126698122903,0.001272548252941587,-0.48325012076091917,0.48325012076091917,nonlinear_ar1_sweep,1.3499999999999999,18,4000
S_theta,0.7367043869863326,0.7403321465652271,0.007229473383642527,-0.50180136040098,0.50180136040098,nonlinear_ar1_sweep,1.3499999999999999,18,4000
gamma_R,0.35600849781907073,0.28819922693440775,0.0022653965139963986,29.932627893489723,29.932627893489723,nonlinear_ar1_sweep,1.3499999999999999,18,4000
PE,0.9843121179656098,0.9820383778655178,0.001407123112343317,1.6158785824400559,1.6158785824400559,nonlinear_ar1_sweep,1.3499999999999999,19,4000
S_theta,0.736124616853838,0.738869480754381,0.007181789582728676,-0.3821977612855744,0.3821977612855744,nonlinear_ar1_sweep,1.3499999999999999,19,4000
gamma_R,0.35922553722820405,0.29456719329367376,0.0016556356883233548,39.05348525073722,39.05348525073722,nonlinear_ar1_sweep,1.3499999999999999,19,4000
PE,0.985986540737618,0.9833961813029927,0.0014018976089788496,1.8477522310008152,1.8477522310008152,nonlinear_ar1_sweep,1.5,0,4000
S_theta,0.7441318928654359,0.7328467114855021,0.008107729135833769,1.3919040943359429,1.3919040943359429,nonlinear_ar1_sweep,1.5,0,4000
gamma_R,0.35599449606611144,0.29543986361542707,0.0018300344690534338,33.08933983194624,33.08933983194624,nonlinear_ar1_sweep,1.5,0,4000
PE,0.986373160242059,0.9842182386672224,0.0014651900750743618,1.470745408050411,1.470745408050411,nonlinear_ar1_sweep,1.5,1,4000
S_theta,0.7505052096601849,0.7457298293324689,0.00712407525870438,0.6703158170432405,0.6703158170432405,nonlinear_ar1_sweep,1.5,1,4000
gamma_R,0.3545899607677476,0.2932955626852407,0.0017080708296865331,35.88516179610404,35.88516179610404,nonlinear_ar1_sweep,1.5,1,4000
PE,0.9845966330496955,0.9827718171720646,0.0013721457128853098,1.3298994855245108,1.3298994855245108,nonlinear_ar1_sweep,1.5,2,4000
S_theta,0.7447552560622677,0.7396286237147869,0.007708497952574266,0.6650624257827997,0.6650624257827997,nonlinear_ar1_sweep,1.5,2,4000
gamma_R,0.35341648836535233,0.2905806449168066,0.0017761903391771852,35.37675105115946,35.37675105115946,nonlinear_ar1_sweep,1.5,2,4000
PE,0.986050814412642,0.9859982916596279,0.0011874418226814998,0.04423185373025821,0.04423185373025821,nonlinear_ar1_sweep,1.5,3,4000
S_theta,0.748019347563999,0.7570757980722118,0.00658756439077092,-1.3747798079819533,1.3747798079819533,nonlinear_ar1_sweep,1.5,3,4000
gamma_R,0.3552202394037227,0.2838236059152906,0.0019204942475907045,37.17617669409867,37.17617669409867,nonlinear_ar1_sweep,1.5,3,4000
PE,0.983285471347359,0.9842994333400854,0.0011918867709068961,-0.8507200662650983,0.8507200662650983,nonlinear_ar1_sweep,1.5,4,4000
S_theta,0.7607412556343054,0.7673755350063586,0.006868813126410915,-0.9658552722222221,0.9658552722222221,nonlinear_ar1_sweep,1.5,4,4000
gamma_R,0.35264221061500145,0.27840076672308545,0.0021975162887520865,33.784251917457155,33.784251917457155,nonlinear_ar1_sweep,1.5,4,4000
PE,0.9864492540465631,0.9838066367779637,0.0014888568153405642,1.774930430764769,1.774930430764769,nonlinear_ar1_sweep,1.5,5,4000
S_theta,0.7419404683776367,0.7438464419678561,0.007908712206610985,-0.24099670596511943,0.24099670596511943,nonlinear_ar1_sweep,1.5,5,4000
gamma_R,0.35395001020251826,0.28947781092617325,0.002026562724028234,31.81357207054144,31.81357207054144,nonlinear_ar1_sweep,1.5,5,4000
PE,0.9820105318688569,0.981158237286094,0.00144871048377515,0.5883125664570029,0.5883125664570029,nonlinear_ar1_sweep,1.5,6,4000
S_theta,0.7636528799607833,0.7498758839002987,0.007085830544429697,1.9443022203395777,1.9443022203395777,nonlinear_ar1_sweep,1.5,6,4000
gamma_R,0.35369397632521915,0.2843148979001665,0.0015752145236320196,44.044209461123565,44.044209461123565,nonlinear_ar1_sweep,1.5,6,4000
PE,0.985857797941943,0.984834523452679,0.0011649271185235532,0.8784021532273153,0.8784021532273153,nonlinear_ar1_sweep,1.5,7,4000
S_theta,0.7560155724693659,0.7512033857765453,0.00746579036654389,0.6445649364044844,0.6445649364044844,nonlinear_ar1_sweep,1.5,7,4000
gamma_R,0.35329772817535376,0.28392301856793845,0.0017907902964271949,38.739717177284675,38.739717177284675,nonlinear_ar1_sweep,1.5,7,4000
PE,0.9879771010961509,0.9862561367789848,0.0011930002116389822,1.442551560658775,1.442551560658775,nonlinear_ar1_sweep,1.5,8,4000
S_theta,0.7522908137203983,0.7432930169889685,0.007649550709779495,1.1762516614115133,1.1762516614115133,nonlinear_ar1_sweep,1.5,8,4000
gamma_R,0.3541910412861149,0.28899133551830253,0.0024460548725234116,26.655046254359256,26.655046254359256,nonlinear_ar1_sweep,1.5,8,4000
PE,0.9816923421877684,0.9826091623363158,0.0013122146113568095,-0.6986815575841357,0.6986815575841357,nonlinear_ar1_sweep,1.5,9,4000
S_theta,0.7334667465916684,0.7359916146345309,0.008143361142494174,-0.3100523234425932,0.3100523234425932,nonlinear_ar1_sweep,1.5,9,4000
gamma_R,0.359082875045563,0.29832202600829627,0.0018972321695146868,32.02604826841483,32.02604826841483,nonlinear_ar1_sweep,1.5,9,4000
PE,0.9797459770631327,0.9781046855010647,0.001600191885889156,1.0256842173375067,1.0256842173375067,nonlinear_ar1_sweep,1.5,10,4000
S_theta,0.7485798266572599,0.7586252245467442,0.0069399442876593755,-1.447475292755171,1.447475292755171,nonlinear_ar1_sweep,1.5,10,4000
gamma_R,0.35181737320787043,0.2819141321057368,0.002295179835584996,30.456542018336737,30.456542018336737,nonlinear_ar1_sweep,1.5,10,4000
PE,0.9829692638005325,0.983936846045761,0.0013584328989364642,-0.7122782774077836,0.7122782774077836,nonlinear_ar1_sweep,1.5,11,4000
S_theta,0.750303681209087,0.7387986002063205,0.007208070312631363,1.5961388421260365,1.5961388421260365,nonlinear_ar1_sweep,1.5,11,4000
gamma_R,0.35394810087547723,0.2938832524744457,0.0019224386487670358,31.2440911649141,31.2440911649141,nonlinear_ar1_sweep,1.5,11,4000
PE,0.9871257081491522,0.9852755021201269,0.001110654372541467,1.6658702065806024,1.6658702065806024,nonlinear_ar1_sweep,1.5,12,4000
S_theta,0.7484874244646659,0.7464445744104071,0.00801353625829066,0.25492491559456704,0.25492491559456704,nonlinear_ar1_sweep,1.5,12,4000
gamma_R,0.35241948126435907,0.29046969857877325,0.0016911124203042457,36.63256324168,36.63256324168,nonlinear_ar1_sweep,1.5,12,4000
PE,0.983034971590487,0.9830718855942515,0.0015253987485372282,-0.02419957653688007,0.02419957653688007,nonlinear_ar1_sweep,1.5,13,4000
S_theta,0.7533207756723145,0.74207379183407,0.006721656078520681,1.6732459541012075,1.6732459541012075,nonlinear_ar1_sweep,1.5,13,4000
gamma_R,0.3527703695891954,0.2796305666280145,0.002018668721637162,36.23170170381584,36.23170170381584,nonlinear_ar1_sweep,1.5,13,4000
PE,0.9825973948294724,0.9835254024321181,0.0011803483256169456,-0.7862150371252589,0.7862150371252589,nonlinear_ar1_sweep,1.5,14,4000
S_theta,0.7400026595044806,0.7433716178475336,0.008374562290295526,-0.4022847076983252,0.4022847076983252,nonlinear_ar1_sweep,1.5,14,4000
gamma_R,0.355077191833157,0.2853433114330974,0.0022160909048402335,31.467066737989704,31.467066737989704,nonlinear_ar1_sweep,1.5,14,4000
PE,0.9834214855268226,0.9844486288199458,0.001207850395850123,-0.8503894991069729,0.8503894991069729,nonlinear_ar1_sweep,1.5,15,4000
S_theta,0.7528810935094189,0.761825291483677,0.007654055480658871,-1.1685567209251693,1.1685567209251693,nonlinear_ar1_sweep,1.5,15,4000
gamma_R,0.35400305044686997,0.2830803708553997,0.0021023865884759727,33.734366448219376,33.734366448219376,nonlinear_ar1_sweep,1.5,15,4000
PE,0.9835169764454763,0.984463371560101,0.0013723317599626578,-0.6896256009191535,0.6896256009191535,nonlinear_ar1_sweep,1.5,16,4000
S_theta,0.7564781059099954,0.7466676214812844,0.007695102554346915,1.2748997637684683,1.2748997637684683,nonlinear_ar1_sweep,1.5,16,4000
gamma_R,0.3553198314872804,0.2829457489928365,0.002125547505220408,34.04961889428067,34.04961889428067,nonlinear_ar1_sweep,1.5,16,4000
PE,0.9822648004098911,0.9812705277623174,0.001326474795053138,0.7495601509215631,0.7495601509215631,nonlinear_ar1_sweep,1.5,17,4000
S_theta,0.7666148478260755,0.769268806017006,0.006794992639723713,-0.3905755799374076,0.3905755799374076,nonlinear_ar1_sweep,1.5,17,4000
gamma_R,0.351452821921316,0.28237869452747916,0.0024934279888176964,27.702475348642242,27.702475348642242,nonlinear_ar1_sweep,1.5,17,4000
PE,0.9854395250340875,0.9833881796650268,0.0013101291364362392,1.565758147048539,1.565758147048539,nonlinear_ar1_sweep,1.5,18,4000
S_theta,0.7462422463389723,0.7474944717109068,0.007254593164361822,-0.17261138475497623,0.17261138475497623,nonlinear_ar1_sweep,1.5,18,4000
gamma_R,0.3576782772220085,0.2913113076470086,0.002047164333083248,32.418975117177915,32.418975117177915,nonlinear_ar1_sweep,1.5,18,4000
PE,0.9843964917334885,0.9845213535745271,0.0012396472423859821,-0.1007236871662162,0.1007236871662162,nonlinear_ar1_sweep,1.5,19,4000
S_theta,0.7514820917401316,0.7394881926887449,0.007310005439362373,1.6407510433306722,1.6407510433306722,nonlinear_ar1_sweep,1.5,19,4000
gamma_R,0.35384579899911306,0.28545961941489356,0.0024643668030134834,27.750000324868576,27.750000324868576,nonlinear_ar1_sweep,1.5,19,4000
