piece,measure,obs,iaaft_mu,iaaft_sigma,iaaft_z,shuffle_mu,shuffle_sigma,shuffle_z
1,mPE_m5_tau1,0.9154357954913058,0.9664954261547962,0.004097631585012331,12.460766568241088,0.919483686514532,0.005902711922753892,0.6857680124321048
1,gamma_rank_max5_mu2,0.1621743211955442,0.12564425727744008,0.0029049578465229547,-12.575075387695636,0.0001335114623241381,0.0035766409676576236,-45.305304949113236
1,H_orbit_m3,0.8219303564438456,0.9366938295902258,0.004399559440259183,26.08521937360605,0.9333564279297328,0.0044608757959102565,24.97851914820022
1,S_eff_tau1,0.7811521354865907,0.8115257289409846,0.010241874306878439,2.9656284137362485,0.8274674254294923,0.010022789389923068,4.620998021715097
2,mPE_m5_tau1,0.9064264972504511,0.9578705990577926,0.004057927120524411,12.677433645159528,0.889898162402727,0.006277842905152111,-2.6328047862044444
2,gamma_rank_max5_mu2,0.23585023684077855,0.1997890848352015,0.002850137180856166,-12.652426784153763,-6.665079090595253e-05,0.002595517074947166,-90.89398405768021
2,H_orbit_m3,0.8405141951888045,0.9200292799608252,0.004155508065224328,19.134864744325345,0.9146282485206594,0.004349828703772821,17.03838435466943
2,S_eff_tau1,0.7144460047872913,0.7537354982586503,0.010120930656405427,3.8820040177326107,0.8309855263273644,0.009107939256381536,12.795377555731832
3,mPE_m5_tau1,0.8388188002990329,0.9446557635490918,0.004919689519928511,21.51293548532648,0.9152333897040656,0.0059217227112923565,12.904114753518414
3,gamma_rank_max5_mu2,0.06085886361105752,0.0464236190757527,0.0022870009195473935,-6.311866520001931,-4.5609729273992835e-05,0.0029061272124198665,-20.957263357242276
3,H_orbit_m3,0.8592937417266693,0.9329400934391856,0.00418864088683899,17.582398133943265,0.9300927162057746,0.004320396449833656,16.387147638229177
3,S_eff_tau1,0.8167484965931484,0.8288825084760622,0.008382248309510244,1.4475843991816446,0.8327366185471932,0.009732568043329164,1.6427444311579442
4,mPE_m5_tau1,0.8772511259051423,0.9677857730373001,0.0025770907152212414,35.130562768872274,0.9031935029637841,0.004195692953549164,6.183097129807115
4,gamma_rank_max5_mu2,0.13604111677519437,0.11977072514631185,0.0014282642973391206,-11.39172326802156,-2.5776199201549278e-06,0.0020249527399017124,-67.18363925951074
4,H_orbit_m3,0.855203309820966,0.9386794715531614,0.0027573638018001455,30.27390207911556,0.9335550621279327,0.0031446450981111027,24.91592846328837
4,S_eff_tau1,0.7449480064269557,0.8300677060281201,0.007386017985043302,11.524437088229668,0.830257430166403,0.006984145639989896,12.2147257713215
5,mPE_m5_tau1,0.9198257442500662,0.9903842638362615,0.0021521757892940347,32.78473809490264,0.9364253578620128,0.006754277077378818,2.4576447518774933
5,gamma_rank_max5_mu2,0.18617007614737535,0.1694103091981343,0.0026648198848942136,-6.2892681956650796,-2.1335510280559762e-05,0.004720505746444392,-39.44310666243763
5,H_orbit_m3,0.8004617306814574,0.8951674038475509,0.006208650840115713,15.253824962127908,0.8984881700818507,0.006001260698202139,16.33430779465389
5,S_eff_tau1,0.74467116986645,0.7801886631547688,0.012929096392915467,2.7470978797699024,0.8269070779013858,0.012533864577132259,6.561097539299518
6,mPE_m5_tau1,0.8414837811539002,0.9029535055828154,0.009194879132730361,6.685212882255923,0.8392410866093495,0.010416130907857276,-0.2153097502700335
6,gamma_rank_max5_mu2,0.1367643722954066,0.12301059859092653,0.0028281131647848196,-4.863233153375797,-0.00018753295740682482,0.004204124883377319,-32.575603497010114
6,H_orbit_m3,0.8201075926544703,0.952901343411365,0.0054733775365316565,24.2617560858122,0.9514387002395001,0.005917148744506452,22.19499851291706
6,S_eff_tau1,0.8445057903689168,0.8914844825317417,0.013582318080486317,3.458812544695083,0.8237304133843095,0.013419591781374234,-1.5481377766976898
7,mPE_m5_tau1,0.9064264972504511,0.9577070848161449,0.003832503725171446,13.380440370843928,0.8899309363881684,0.006605104140854179,-2.4973960304809717
7,gamma_rank_max5_mu2,0.23585023684077855,0.19984303172960735,0.0027062425136845985,-13.305239618805164,-8.933739393561494e-05,0.0026972393457456475,-87.474467034919
7,H_orbit_m3,0.8405141951888045,0.9198796976771721,0.0041902880919518,18.940345090067503,0.9142009845408904,0.004728769655634196,15.582655683871193
7,S_eff_tau1,0.7144460047872913,0.753176261887836,0.01014591316701935,3.817325898908999,0.8308946802009965,0.008957962356945372,12.99946023142408
8,mPE_m5_tau1,0.9502830280011016,0.9592477892905894,0.004646312702004702,1.929435633038605,0.8894077893255389,0.007450135343640486,-8.17102453414172
8,gamma_rank_max5_mu2,0.188560788575164,0.15777379932014748,0.0018288116319940704,-16.834423357996414,0.00012898934039036914,0.0036444345508579797,-51.7039877120067
8,H_orbit_m3,0.8403070851109732,0.9466147753610709,0.0043998757310957275,24.161521085420116,0.94136772962003,0.004521705436240657,22.350116772108574
8,S_eff_tau1,0.7435364355718024,0.7861565423469341,0.01230763893757899,3.4628986917222195,0.8267564087677888,0.010944117901951291,7.604082297135031
9,mPE_m5_tau1,0.9241028891302174,0.9411848917563088,0.004664764553848573,3.6619217173561767,0.8591991171738187,0.006648659692778228,-9.761933224962197
9,gamma_rank_max5_mu2,0.22057773269555603,0.18026131355915306,0.0016047954950450301,-25.1224652990889,-0.00013571296462768574,0.0030438914952570497,-72.51028691531758
9,H_orbit_m3,0.8612907732385797,0.9542731140904963,0.003368905530344535,27.600162727747183,0.9503639027674375,0.0037841450819209874,23.53850806471739
9,S_eff_tau1,0.6460460503976947,0.7919392711846182,0.00975476422396074,14.956099136518775,0.829326707243473,0.008411125456416063,21.79026549960334
10,mPE_m5_tau1,0.8067390860787517,0.956866042048842,0.003044157921876866,49.31641518700514,0.8667993957755383,0.005235345777295082,11.472080785429553
10,gamma_rank_max5_mu2,0.2996818047348423,0.2545878988664821,0.0019150135709463585,-23.547564650456117,-6.409304589001722e-05,0.0028806829398829474,-104.0537622626779
10,H_orbit_m3,0.8266416185268918,0.9433366586783081,0.003435545788009298,33.96695819299046,0.9466411174546412,0.0029903035583758535,40.12953754866468
10,S_eff_tau1,0.5831573662518447,0.6884236642044281,0.008789798364801297,11.975962767715108,0.8525711406368576,0.006390343037975549,42.159516755827056
11,mPE_m5_tau1,0.791745551860591,0.896488265754392,0.008961612856544636,11.687931131426605,0.8500124993700844,0.009985110004822098,5.8353836343670284
11,gamma_rank_max5_mu2,0.19408520843195542,0.11666785569817341,0.0029938406293815428,-25.85887571102094,-0.00028665048046196834,0.004886931455307133,-39.77380503287652
11,H_orbit_m3,0.8494294019759143,0.9513066363042962,0.0058899016064275665,17.296933146931476,0.951399287487629,0.005501009628728259,18.53657644574755
11,S_eff_tau1,0.7490033960518633,0.8205565115305639,0.012603085933219686,5.677428199556919,0.8125044163555037,0.013425418529930578,4.729909921398095
12,mPE_m5_tau1,0.951030449901722,0.927287473029611,0.003434364541437353,-6.9133537181740445,0.834147991166947,0.003899027911035914,-29.977333171672793
12,gamma_rank_max5_mu2,0.1949248330587291,0.17056069799899337,0.0007932840011610013,-30.713004452475893,-4.601905438763968e-06,0.00173229872303147,-112.52645538123315
12,H_orbit_m3,0.8423185996627844,0.9600732709729122,0.0019013922007784622,61.93076381712146,0.9556093076096329,0.002163276093864061,52.369971760972824
12,S_eff_tau1,0.6039483386505181,0.6736462733663048,0.007571789808689557,9.20494843052824,0.8376695235853692,0.005165584100087767,45.24583869051323
13,mPE_m5_tau1,0.8662482027875659,0.9599265514685794,0.01123936504350272,8.334843500360135,0.8677465327359357,0.009503423942383727,0.15766211814328723
13,gamma_rank_max5_mu2,0.20634210751722504,0.18432917504328608,0.005503821290247325,-3.9995725357117764,-0.00022129226321635423,0.005120878418254738,-40.33749347457479
13,H_orbit_m3,0.8189812661470389,0.9541507159387328,0.0062749724629723195,21.54104270406105,0.9539140247129168,0.005092450281212713,26.496627579002112
13,S_eff_tau1,0.8149998077165763,0.8453191500558709,0.02591575210300262,1.1699194458563191,0.8401120813923172,0.012592761653213358,1.994183195656121
14,mPE_m5_tau1,0.865962788323063,0.9027352186069417,0.00634696523855582,5.793702801536996,0.8448312184978048,0.0075101582377223785,-2.8137316360549436
14,gamma_rank_max5_mu2,0.18987734722917593,0.12373632610948798,0.002777436601376507,-23.81369248425265,-2.095164176432e-06,0.003975151272419698,-47.766595377330546
14,H_orbit_m3,0.8862550234118599,0.9583915013637859,0.0036506599846523003,19.759845686860512,0.9563079538964212,0.003973010302755138,17.632204587031183
14,S_eff_tau1,0.7640862057576254,0.8230608771634201,0.009507787855651772,6.20277527235087,0.8341663962270649,0.009402870127173947,7.453063747728506
15,mPE_m5_tau1,0.9147103947112397,0.8955125500284813,0.0036300130549446925,-5.288643426945176,0.8455518874895868,0.0038595978760542996,-17.918578422567247
15,gamma_rank_max5_mu2,0.1773634816649331,0.14279057381784205,0.0007317017512820286,-47.2500001353218,-6.683130552920931e-05,0.0017944108047452064,-98.87942744284587
15,H_orbit_m3,0.9213500739413296,0.9596578628548488,0.0021069285459059737,18.181816838523545,0.9584436311803771,0.002153502138911492,17.224759877785306
15,S_eff_tau1,0.6842726450424625,0.762635249132191,0.005957643445197164,13.153288680426417,0.8260272614585531,0.005491492111680673,25.81349723048341
16,mPE_m5_tau1,0.9349334307153239,0.9313093881159751,0.007194697401821041,-0.5037102183660302,0.8411315013363982,0.009074529032615576,-10.336837211251813
16,gamma_rank_max5_mu2,0.2608812639649636,0.2288769373387119,0.002231290305381214,-14.34341669887898,-0.0002835847988480705,0.004260940735018519,-61.292767256167096
16,H_orbit_m3,0.8676020895624741,0.9600385625122336,0.004527685592203017,20.41583300504378,0.9555352720708106,0.004817201286928529,18.25399796909942
16,S_eff_tau1,0.6094930696978141,0.6928407156793861,0.013641796678933275,6.109726449030272,0.8292759143190199,0.011632573664342031,18.89374191499154
17,mPE_m5_tau1,0.9309013034470841,0.9020904813920754,0.009506147488277696,-3.030756896054494,0.8230087521041735,0.01029581696431129,-10.479260821836863
17,gamma_rank_max5_mu2,0.25034636982891,0.1935556320252811,0.004825947594325987,-11.767789992249297,-0.00024162702903134158,0.0037554839514788137,-66.72588675535845
17,H_orbit_m3,0.8638526705141768,0.9625962847164509,0.004704579794341952,20.988827593280458,0.9586923706699245,0.005317965741697518,17.833830596560873
17,S_eff_tau1,0.678362690911484,0.8104050548988668,0.014904434321564124,8.8592670569416,0.8185726410528009,0.013676575513509663,10.251831681316576
18,mPE_m5_tau1,0.903028740645023,0.9008441490572328,0.0038493849692017613,-0.5675170462992919,0.838954503294528,0.0043301159187504636,-14.797349205603906
18,gamma_rank_max5_mu2,0.159091611122956,0.1350879118208427,0.0007179992226876049,-33.43137226843084,4.2771168674393125e-05,0.0015197423377073097,-104.65513528709307
18,H_orbit_m3,0.9157523875584026,0.9578735367604055,0.002199405545708519,19.15115167559241,0.9568516231806969,0.002111418896642929,19.465221083149565
18,S_eff_tau1,0.7010390361288386,0.7880568456816833,0.005962587446524502,14.593967859300088,0.8283411193121705,0.005553503979278845,22.922840004854528
19,mPE_m5_tau1,0.8464563867888657,0.8995200634080491,0.006482898719259381,8.185177482650158,0.833101331879858,0.007757351464074478,-1.7215998231944307
19,gamma_rank_max5_mu2,0.22574161940901072,0.18634798282293114,0.0015053730330046252,-26.168687576030564,-6.496613747963842e-06,0.0032883520909332627,-68.65083475860075
19,H_orbit_m3,0.9245163049627256,0.9588883170308243,0.003814560924024903,9.010738785587765,0.9573920701631796,0.004137397645815025,7.946000847587808
19,S_eff_tau1,0.6640964806768215,0.7775458182477117,0.010271866032612839,11.044666783103706,0.8199530298363717,0.010096306927835546,15.43698604584349
20,mPE_m5_tau1,0.9039435568718083,0.931373803946567,0.005835469390822234,4.700606795727484,0.8447736386371664,0.008136533120189563,-7.272128971959913
20,gamma_rank_max5_mu2,0.1855516590750783,0.17159994342691604,0.0011911471710866805,-11.712839510363915,6.322491134958067e-05,0.0029631939056586625,-62.59746748584721
20,H_orbit_m3,0.799298441554872,0.9517564808114553,0.004140856158748122,36.81799932472779,0.9493511561721935,0.004494185586076826,33.38818830316911
20,S_eff_tau1,0.654220712533195,0.7075694326094276,0.013057218176919221,4.0857646210228165,0.8244656662274314,0.011025495497644167,15.44102518844735
21,mPE_m5_tau1,0.9115555853373329,0.8948172616796368,0.005525096792569725,-3.0295077690233763,0.8233838541519983,0.006002484382831028,-14.68920626224921
21,gamma_rank_max5_mu2,0.11496739509156662,0.1037055076337847,0.001373339379959431,-8.200367383417348,-0.00010862170310552144,0.0017501896309627485,-65.7505991115779
21,H_orbit_m3,0.8567803419856951,0.9592874256455253,0.0028948521025388848,35.410128057985396,0.9565990294724448,0.0029692397684190712,33.61759078819584
21,S_eff_tau1,0.6932621831004454,0.7744699867232806,0.009075509601875252,8.948015834400683,0.8209331417461821,0.007868486850437057,16.225604880898445
22,mPE_m5_tau1,0.942272727455305,0.9179455663701565,0.0053051481179200175,-4.585576226038804,0.8087674955399174,0.005298307495548191,-25.197713048471222
22,gamma_rank_max5_mu2,0.24840129145311884,0.2389287141200547,0.004081559869201592,-2.3208228316193007,5.944206924047087e-05,0.0023252838235074754,-106.80066100889039
22,H_orbit_m3,0.8750264127253791,0.9671745669974545,0.0023915467175704627,38.53077742327669,0.9592981862230249,0.002693315352525978,31.289233701731174
22,S_eff_tau1,0.6502879122561999,0.7357072285677208,0.013841159918774819,6.17139869872134,0.8398807763502133,0.006492443256625143,29.202082575083807
23,mPE_m5_tau1,0.9294327484895922,0.9399818255819812,0.008016252405558746,1.3159611946692016,0.84299429567534,0.011809165603729998,-7.3196071352365575
23,gamma_rank_max5_mu2,0.31067463922961214,0.2645193636742373,0.004671832088853687,-9.87948082840876,-0.00022632762642671426,0.006031549898729869,-51.545783766376324
23,H_orbit_m3,0.9321708055418851,0.9663560577732456,0.00505481357931468,6.7629105791860376,0.9595927570972128,0.005970679785619478,4.592768753295744
23,S_eff_tau1,0.6007522295815105,0.653451245543187,0.018797477847675253,2.803515258202256,0.8018779796032559,0.016404169168606642,12.260648372649577
