label,SBP
1.0000000000,0.7730740734
3.0000000000,0.8048297532
4.0000000000,0.7697114467
5.0000000000,0.8421725158
6.0000000000,0.7961867772
7.0000000000,0.8031453929
9.0000000000,0.8130494965
10.0000000000,0.8039753087
11.0000000000,0.7673746444
13.0000000000,0.7858960812
14.0000000000,0.8021592358
15.0000000000,0.7889127246
17.0000000000,0.8182602293
18.0000000000,0.8162944718
19.0000000000,0.7952223022
20.0000000000,0.8406681448
22.0000000000,0.8264733993
23.0000000000,0.8234353322
24.0000000000,0.8133141461
25.0000000000,0.8122830583
27.0000000000,0.8118020357
28.0000000000,0.8182542657
29.0000000000,0.8254637195
32.0000000000,0.8124735319
35.0000000000,0.8177180383
36.0000000000,0.8083237403
37.0000000000,0.8076298019
38.0000000000,0.8139122714
39.0000000000,0.8061457857
40.0000000000,0.8293163688
42.0000000000,0.8064608932
43.0000000000,0.7886896935
45.0000000000,0.8231577135
46.0000000000,0.8269141042
47.0000000000,0.8106077116
48.0000000000,0.8096766729
49.0000000000,0.8174625848
50.0000000000,0.8068573923
51.0000000000,0.8024292939
52.0000000000,0.8226080474
54.0000000000,0.8203884160
55.0000000000,0.8270833951
56.0000000000,0.8620796966
58.0000000000,0.7445540992
59.0000000000,0.8094344762
60.0000000000,0.7851375841
61.0000000000,0.8212687768
62.0000000000,0.7976221515
63.0000000000,0.8227232867
64.0000000000,0.8166813486
66.0000000000,0.8090358991
67.0000000000,0.8561007182
68.0000000000,0.7986962915
69.0000000000,0.8254150840
70.0000000000,0.8326141983
71.0000000000,0.8133069178
72.0000000000,0.8234668145
73.0000000000,0.8284067516
75.0000000000,0.8346689737
76.0000000000,0.7958741528
77.0000000000,0.8305914430
78.0000000000,0.8333000428
79.0000000000,0.8281489117
80.0000000000,0.8272280873
82.0000000000,0.8193024208
83.0000000000,0.7878166533
84.0000000000,0.8162733186
86.0000000000,0.8227275329
87.0000000000,0.7656383341
88.0000000000,0.8127071596
90.0000000000,0.8248993939
93.0000000000,0.8248268619
94.0000000000,0.8064414866
95.0000000000,0.8303674024
96.0000000000,0.8084367985
99.0000000000,0.8181944215
100.0000000000,0.8222742349
101.0000000000,0.8134933895
102.0000000000,0.7968110548
103.0000000000,0.8165225354
104.0000000000,0.7946370305
105.0000000000,0.8186111001
107.0000000000,0.8169596962
108.0000000000,0.8137261067
109.0000000000,0.7961829466
110.0000000000,0.8201120243
111.0000000000,0.8002346387
112.0000000000,0.7635641435
113.0000000000,0.8247769076
115.0000000000,0.8188571096
116.0000000000,0.8153947022
117.0000000000,0.8048368167
119.0000000000,0.7672678274
120.0000000000,0.8098736738
121.0000000000,0.8287182278
122.0000000000,0.8441604233
123.0000000000,0.7967849004
124.0000000000,0.8272196045
125.0000000000,0.8027121749
126.0000000000,0.8180884930
127.0000000000,0.7876425559
128.0000000000,0.7869079449
129.0000000000,0.8242020322
131.0000000000,0.8157950641
133.0000000000,0.8024798876
134.0000000000,0.8180415839
135.0000000000,0.8303716366
137.0000000000,0.8139339756
138.0000000000,0.8096159887
139.0000000000,0.8130810290
141.0000000000,0.8252096031
142.0000000000,0.7694387447
143.0000000000,0.8229632690
144.0000000000,0.8244286435
145.0000000000,0.8075463606
146.0000000000,0.8076524580
147.0000000000,0.8231619294
148.0000000000,0.8112090406
149.0000000000,0.8012368101
150.0000000000,0.8170610406
152.0000000000,0.8069176595
153.0000000000,0.8226075435
156.0000000000,0.8021403021
157.0000000000,0.8227733883
158.0000000000,0.8131493072
160.0000000000,0.8136814750
161.0000000000,0.8268809559
162.0000000000,0.8390040937
163.0000000000,0.8065178488
164.0000000000,0.8161312632
165.0000000000,0.8330247871
166.0000000000,0.7936602289
168.0000000000,0.8336052271
169.0000000000,0.8201276551
170.0000000000,0.8158670894
171.0000000000,0.8010400415
173.0000000000,0.8125056346
174.0000000000,0.8417743899
175.0000000000,0.7349889174
176.0000000000,0.8238243592
177.0000000000,0.8129190001
178.0000000000,0.8303857100
180.0000000000,0.8111512767
181.0000000000,0.8221890265
182.0000000000,0.7982312018
183.0000000000,0.8183031322
184.0000000000,0.8221629829
187.0000000000,0.8057398532
188.0000000000,0.8137777086
189.0000000000,0.8131513738
190.0000000000,0.7945568436
191.0000000000,0.8226619319
192.0000000000,0.8554216372
193.0000000000,0.8061871245
194.0000000000,0.8053145240
195.0000000000,0.8285943957
196.0000000000,0.7990761479
197.0000000000,0.8012691254
198.0000000000,0.8060234029
199.0000000000,0.8186414741
200.0000000000,0.8047813221
201.0000000000,0.8147188472
202.0000000000,0.8497121162
203.0000000000,0.8364469114
205.0000000000,0.7504729168
206.0000000000,0.8217990589
207.0000000000,0.8154211931
208.0000000000,0.7849903930
209.0000000000,0.4878484048
210.0000000000,0.7938001706
211.0000000000,0.8024459016
212.0000000000,0.8372840121
213.0000000000,0.8188797708
214.0000000000,0.8121941926
215.0000000000,0.7994525845
216.0000000000,0.6981566889
217.0000000000,0.8123452921
220.0000000000,0.8100102814
221.0000000000,0.8037567141
222.0000000000,0.8091929955
223.0000000000,0.7963619243
224.0000000000,0.8363116463
225.0000000000,0.8204454976
226.0000000000,0.7968843385
227.0000000000,0.8058635059
228.0000000000,0.8142645035
229.0000000000,0.8000974819
230.0000000000,0.8130797637
231.0000000000,0.7757584436
232.0000000000,0.8409782454
233.0000000000,0.8086492703
234.0000000000,0.8313194667
236.0000000000,0.8147637551
237.0000000000,0.8081718065
240.0000000000,0.8021906935
241.0000000000,0.8379333119
243.0000000000,0.8035253422
245.0000000000,0.8231267314
247.0000000000,0.8281366342
250.0000000000,0.8174698993
251.0000000000,0.7920136999
253.0000000000,0.8314845141
255.0000000000,0.7060079601
256.0000000000,0.7749142858
257.0000000000,0.8127874481
258.0000000000,0.8418913048
259.0000000000,0.8229871428
260.0000000000,0.8026729011
261.0000000000,0.8146583970
263.0000000000,0.7906344715
264.0000000000,0.8034868019
265.0000000000,0.7972265591
266.0000000000,0.8268618318
267.0000000000,0.8244152261
268.0000000000,0.7997779436
269.0000000000,0.8074465949
270.0000000000,0.7709984854
271.0000000000,0.8058045042
279.0000000000,0.8005982861
280.0000000000,0.8259300700
281.0000000000,0.8189718103
283.0000000000,0.7833577178
284.0000000000,0.8218954809
285.0000000000,0.8177051401
286.0000000000,0.8111383521
287.0000000000,0.8046247167
288.0000000000,0.8127872257
289.0000000000,0.8127454329
291.0000000000,0.8250113179
292.0000000000,0.8227052979
293.0000000000,0.8311490833
294.0000000000,0.7711399223
295.0000000000,0.8181353673
297.0000000000,0.8127329619
298.0000000000,0.8189175697
301.0000000000,0.7885870008
302.0000000000,0.8401993327
303.0000000000,0.8176917578
305.0000000000,0.7669151724
308.0000000000,0.8223261519
309.0000000000,0.7964851127
310.0000000000,0.7729578769
311.0000000000,0.8155409181
313.0000000000,0.8273541064
314.0000000000,0.8094412279
316.0000000000,0.8103882289
318.0000000000,0.8225776082
319.0000000000,0.7932785030
320.0000000000,0.8027833118
324.0000000000,0.8352343171
325.0000000000,0.8030197136
327.0000000000,0.8123442019
330.0000000000,0.8129262607
333.0000000000,0.8083226724
335.0000000000,0.8152518560
336.0000000000,0.8080753009
337.0000000000,0.8106486282
338.0000000000,0.8092315296
339.0000000000,0.7826007984
340.0000000000,0.8152476004
341.0000000000,0.7935841716
342.0000000000,0.8053107147
343.0000000000,0.8131105696
344.0000000000,0.8084030299
345.0000000000,0.8126307673
346.0000000000,0.8025722411
347.0000000000,0.8269272489
348.0000000000,0.8138625301
349.0000000000,0.7790230404
350.0000000000,0.7917084292
352.0000000000,0.8177910255
353.0000000000,0.7782001810
354.0000000000,0.8218537049
355.0000000000,0.8320429086
356.0000000000,0.8085748803
357.0000000000,0.7741723686
358.0000000000,0.8174595737
359.0000000000,0.8066238513
360.0000000000,0.8058285123
361.0000000000,0.8085985767
362.0000000000,0.8439364567
364.0000000000,0.7966231288
366.0000000000,0.8151177907
367.0000000000,0.8224679762
368.0000000000,0.8157202858
369.0000000000,0.8228036221
370.0000000000,0.8171010564
371.0000000000,0.7690761873
372.0000000000,0.8289390154
373.0000000000,0.8046467127
374.0000000000,0.8157624174
375.0000000000,0.7992568835
376.0000000000,0.8296888450
378.0000000000,0.8315026299
380.0000000000,0.8044636151
381.0000000000,0.8112046480
382.0000000000,0.8172190509
383.0000000000,0.7967831811
385.0000000000,0.7927835353
386.0000000000,0.8240542462
387.0000000000,0.7971732983
388.0000000000,0.7727007049
389.0000000000,0.8302289517
390.0000000000,0.8342755642
391.0000000000,0.8198780855
392.0000000000,0.8285100262
393.0000000000,0.8235753131
394.0000000000,0.8328767793
396.0000000000,0.8218471881
398.0000000000,0.8216547858
401.0000000000,0.8129999597
404.0000000000,0.8131277403
405.0000000000,0.8054835482
406.0000000000,0.8037239556
408.0000000000,0.7784131980
409.0000000000,0.8058063974
410.0000000000,0.8176072581
411.0000000000,0.8115233795
412.0000000000,0.7765679146
413.0000000000,0.8198440937
414.0000000000,0.8139907311
415.0000000000,0.7644097474
416.0000000000,0.8114281554
417.0000000000,0.8051856832
418.0000000000,0.7892209245
420.0000000000,0.7983769929
421.0000000000,0.8084019735
424.0000000000,0.8147102447
425.0000000000,0.8181137397
426.0000000000,0.8182892917
427.0000000000,0.8099699886
429.0000000000,0.8150202336
431.0000000000,0.7713297702
432.0000000000,0.8224686131
434.0000000000,0.8278465638
436.0000000000,0.8163403263
437.0000000000,0.8261009116
438.0000000000,0.8228547920
439.0000000000,0.8113558534
441.0000000000,0.8159668401
442.0000000000,0.7980125154
443.0000000000,0.8197031641
445.0000000000,0.7979125652
446.0000000000,0.7710336423
447.0000000000,0.8534380864
448.0000000000,0.8291529437
449.0000000000,0.8092631301
452.0000000000,0.8099250464
453.0000000000,0.8182496113
454.0000000000,0.8117831621
455.0000000000,0.8191266557
456.0000000000,0.8185006575
458.0000000000,0.7288297617
459.0000000000,0.8267083746
461.0000000000,0.8444983622
462.0000000000,0.8326909064
463.0000000000,0.8244661058
465.0000000000,0.8221231233
466.0000000000,0.8163030480
467.0000000000,0.8336694287
468.0000000000,0.8183680297
470.0000000000,0.8429498336
471.0000000000,0.7943350564
472.0000000000,0.8006280891
473.0000000000,0.8451461322
474.0000000000,0.8179430100
476.0000000000,0.8184868804
477.0000000000,0.8056762428
478.0000000000,0.8205095416
479.0000000000,0.8001937386
480.0000000000,0.8247510924
483.0000000000,0.8124893427
486.0000000000,0.8184560894
487.0000000000,0.7855324460
488.0000000000,0.7930045515
489.0000000000,0.8143275291
490.0000000000,0.7275256643
491.0000000000,0.8027957009
493.0000000000,0.7957002307
494.0000000000,0.8295217309
496.0000000000,0.8254607916
497.0000000000,0.8135827603
500.0000000000,0.8122053794
501.0000000000,0.7566393032
502.0000000000,0.8389480859
503.0000000000,0.8101266626
504.0000000000,0.8001825142
506.0000000000,0.8092601833
507.0000000000,0.7907084300
508.0000000000,0.8076858521
509.0000000000,0.8083931952
510.0000000000,0.8244092021
511.0000000000,0.8330583486
512.0000000000,0.8014605428
513.0000000000,0.8206239184
516.0000000000,0.8196854636
517.0000000000,0.8037829524
519.0000000000,0.8308879655
520.0000000000,0.8244019291
521.0000000000,0.8232643855
522.0000000000,0.7567096990
524.0000000000,0.8060641850
525.0000000000,0.8219651181
526.0000000000,0.8137590495
529.0000000000,0.8266524757
531.0000000000,0.8356273448
532.0000000000,0.8205737688
533.0000000000,0.8173690542
534.0000000000,0.8101736711
536.0000000000,0.8188646760
537.0000000000,0.8050426721
538.0000000000,0.8205185555
539.0000000000,0.8256008881
540.0000000000,0.7995274551
542.0000000000,0.8111564627
543.0000000000,0.8183461710
544.0000000000,0.8021990487
545.0000000000,0.8141576847
546.0000000000,0.8067490868
549.0000000000,0.8054307135
550.0000000000,0.8182999144
551.0000000000,0.8143081725
555.0000000000,0.8089145483
556.0000000000,0.8293092564
557.0000000000,0.8204324802
558.0000000000,0.7998455574
559.0000000000,0.8036529004
560.0000000000,0.8128788868
561.0000000000,0.8059070535
562.0000000000,0.8205037614
563.0000000000,0.8274092437
564.0000000000,0.8275512291
565.0000000000,0.8156223045
566.0000000000,0.8082932405
567.0000000000,0.8217813806
568.0000000000,0.8191748853
570.0000000000,0.8263958777
571.0000000000,0.8210222248
572.0000000000,0.8228575290
573.0000000000,0.7834650054
574.0000000000,0.8074382390
575.0000000000,0.8177747115
576.0000000000,0.8118911035
577.0000000000,0.7955538186
578.0000000000,0.7312781887
581.0000000000,0.8106325727
582.0000000000,0.8209528304
583.0000000000,0.7882794069
584.0000000000,0.8243974490
585.0000000000,0.6350550238
586.0000000000,0.8355208232
587.0000000000,0.8268452028
588.0000000000,0.8138342116
589.0000000000,0.7979620015
590.0000000000,0.8223904869
591.0000000000,0.8172869760
592.0000000000,0.8222555706
593.0000000000,0.8167708358
594.0000000000,0.7685339221
597.0000000000,0.8206008408
598.0000000000,0.8426533987
601.0000000000,0.8070350027
602.0000000000,0.7674308718
603.0000000000,0.7794400505
604.0000000000,0.7808821830
605.0000000000,0.8123040327
606.0000000000,0.7974583092
607.0000000000,0.8321188909
608.0000000000,0.8061567604
609.0000000000,0.8084408677
610.0000000000,0.8170029414
613.0000000000,0.7701330730
614.0000000000,0.8131532387
615.0000000000,0.8201248997
616.0000000000,0.8112313569
617.0000000000,0.8071263945
618.0000000000,0.8261785534
619.0000000000,0.8369129130
620.0000000000,0.7917379452
622.0000000000,0.8327982593
623.0000000000,0.8329087039
624.0000000000,0.8167721657
626.0000000000,0.8214769557
627.0000000000,0.7988791638
629.0000000000,0.7757848733
630.0000000000,0.8240838195
631.0000000000,0.8081055289
634.0000000000,0.8062085192
635.0000000000,0.8170221098
636.0000000000,0.7941661546
637.0000000000,0.8333721672
640.0000000000,0.8114746681
642.0000000000,0.7943218803
643.0000000000,0.8213707942
644.0000000000,0.8143883102
645.0000000000,0.8216184779
647.0000000000,0.8064373611
648.0000000000,0.8270711880
649.0000000000,0.8283637030
650.0000000000,0.8174505519
652.0000000000,0.8295318201
653.0000000000,0.8161154344
654.0000000000,0.8039219150
655.0000000000,0.8173979694
657.0000000000,0.7961111151
659.0000000000,0.7955056571
660.0000000000,0.8269422268
661.0000000000,0.8303857565
662.0000000000,0.8135376599
663.0000000000,0.8170271495
664.0000000000,0.8162438623
665.0000000000,0.8160812765
668.0000000000,0.8013795977
669.0000000000,0.8069522474
672.0000000000,0.8041897313
674.0000000000,0.8243689186
675.0000000000,0.7967327054
676.0000000000,0.8165700500
677.0000000000,0.8117474598
678.0000000000,0.7994530668
679.0000000000,0.8190758001
680.0000000000,0.8122556109
682.0000000000,0.8410994663
683.0000000000,0.7985346014
684.0000000000,0.7853998314
685.0000000000,0.7932578487
686.0000000000,0.8197265016
689.0000000000,0.8035616187
690.0000000000,0.8249913819
692.0000000000,0.7530591548
695.0000000000,0.8062038657
696.0000000000,0.8038517545
699.0000000000,0.8071672941
700.0000000000,0.8042742102
702.0000000000,0.7856249358
703.0000000000,0.8053325423
704.0000000000,0.8310528210
705.0000000000,0.8195941119
706.0000000000,0.8199783418
708.0000000000,0.8104016015
709.0000000000,0.8043144475
710.0000000000,0.8267574778
711.0000000000,0.8132973156
712.0000000000,0.8333255057
713.0000000000,0.7854567387
716.0000000000,0.8205499169
717.0000000000,0.8248298651
719.0000000000,0.8101509647
720.0000000000,0.8231917530
721.0000000000,0.8127663992
722.0000000000,0.7985238121
723.0000000000,0.8221570874
724.0000000000,0.7364613463
725.0000000000,0.8287059610
729.0000000000,0.8079219036
730.0000000000,0.7925538993
731.0000000000,0.8089541339
732.0000000000,0.8066507945
733.0000000000,0.8120535345
734.0000000000,0.8256894278
736.0000000000,0.8590014289
737.0000000000,0.8289310806
738.0000000000,0.8003240819
739.0000000000,0.8231547928
740.0000000000,0.8113215512
741.0000000000,0.8285894849
743.0000000000,0.8140827842
744.0000000000,0.7965705097
745.0000000000,0.7368764289
746.0000000000,0.7932308834
747.0000000000,0.8158049831
748.0000000000,0.8056507654
749.0000000000,0.8070863975
750.0000000000,0.8117293101
751.0000000000,0.8127624481
753.0000000000,0.8212257363
755.0000000000,0.8222424366
756.0000000000,0.8205943206
758.0000000000,0.8207956231
759.0000000000,0.8137617992
760.0000000000,0.8061814354
761.0000000000,0.8006272912
762.0000000000,0.7808020659
763.0000000000,0.8335723506
764.0000000000,0.8203088789
765.0000000000,0.8097636212
766.0000000000,0.8283515916
767.0000000000,0.7994732162
768.0000000000,0.8151043624
769.0000000000,0.8249677150
770.0000000000,0.8309109846
771.0000000000,0.8443843297
772.0000000000,0.8512077935
773.0000000000,0.7837517877
774.0000000000,0.8103579578
775.0000000000,0.6732670943
776.0000000000,0.8154073727
778.0000000000,0.8179281447
779.0000000000,0.8044059227
781.0000000000,0.8112021819
782.0000000000,0.8274779948
783.0000000000,0.8215152732
785.0000000000,0.8145384412
786.0000000000,0.8247558495
787.0000000000,0.8213353606
788.0000000000,0.8182465231
789.0000000000,0.8234075970
790.0000000000,0.8030894380
791.0000000000,0.8152214805
792.0000000000,0.8245419223
795.0000000000,0.7748877509
796.0000000000,0.7835285297
797.0000000000,0.8121666499
798.0000000000,0.8238247952
799.0000000000,0.8281067555
800.0000000000,0.8064771481
802.0000000000,0.7571662276
804.0000000000,0.8023031641
806.0000000000,0.8105305934
807.0000000000,0.8313121309
808.0000000000,0.7946153877
810.0000000000,0.8260418542
811.0000000000,0.8118648779
812.0000000000,0.8017164213
815.0000000000,0.8264305363
816.0000000000,0.8222445365
817.0000000000,0.8079863736
819.0000000000,0.8010777860
820.0000000000,0.8336431229
821.0000000000,0.8128248224
822.0000000000,0.8032896594
823.0000000000,0.8116400514
824.0000000000,0.8091108362
825.0000000000,0.7995437548
826.0000000000,0.8249304251
827.0000000000,0.8160306198
828.0000000000,0.8219414659
830.0000000000,0.8281036887
831.0000000000,0.8237908926
832.0000000000,0.8048769539
833.0000000000,0.8053700995
834.0000000000,0.7782682333
835.0000000000,0.8037459106
837.0000000000,0.8200131311
838.0000000000,0.8295975978
839.0000000000,0.7876242561
840.0000000000,0.8288417684
841.0000000000,0.8185497510
842.0000000000,0.8136318199
843.0000000000,0.8183971492
844.0000000000,0.8057595724
845.0000000000,0.8280989674
846.0000000000,0.8251763076
847.0000000000,0.8119218191
848.0000000000,0.8385274797
850.0000000000,0.8089875702
851.0000000000,0.8163643932
852.0000000000,0.8161880159
855.0000000000,0.8109242668
857.0000000000,0.8038338774
858.0000000000,0.8221872308
859.0000000000,0.8076705904
860.0000000000,0.8153729248
861.0000000000,0.8291621355
862.0000000000,0.8251902511
863.0000000000,0.8009663600
864.0000000000,0.7835979848
866.0000000000,0.8221202073
867.0000000000,0.8170289125
868.0000000000,0.8024900946
870.0000000000,0.7992763584
871.0000000000,0.8207813127
872.0000000000,0.7923442949
873.0000000000,0.7693431044
874.0000000000,0.8179372494
875.0000000000,0.7862559547
876.0000000000,0.8217662366
877.0000000000,0.8067261058
878.0000000000,0.8196365656
879.0000000000,0.8145492668
880.0000000000,0.8176369824
881.0000000000,0.8133454052
882.0000000000,0.8049254237
885.0000000000,0.8047349567
886.0000000000,0.6799962048
888.0000000000,0.7815372909
889.0000000000,0.7828435834
890.0000000000,0.8144684251
892.0000000000,0.7882607610
894.0000000000,0.8052869901
898.0000000000,0.8263677339
900.0000000000,0.8268310535
901.0000000000,0.8012081221
902.0000000000,0.8147396996
903.0000000000,0.8193405135
905.0000000000,0.8216228932
906.0000000000,0.7856554702
907.0000000000,0.8118818612
908.0000000000,0.7659430077
910.0000000000,0.8151556649
911.0000000000,0.7696369965
912.0000000000,0.8455860691
914.0000000000,0.8002536877
915.0000000000,0.7884121547
916.0000000000,0.8167176282
919.0000000000,0.8109092242
920.0000000000,0.8248538227
922.0000000000,0.8252279577
923.0000000000,0.8156463470
924.0000000000,0.8046908878
926.0000000000,0.8264222728
927.0000000000,0.8200399731
929.0000000000,0.7435559650
930.0000000000,0.8109257853
931.0000000000,0.7920195287
932.0000000000,0.8097008307
938.0000000000,0.7739901746
939.0000000000,0.8402526307
940.0000000000,0.8045094518
941.0000000000,0.7051355690
942.0000000000,0.8210608390
943.0000000000,0.8087232044
944.0000000000,0.8194265643
945.0000000000,0.8150998452
946.0000000000,0.8239679187
947.0000000000,0.7904399572
948.0000000000,0.8048618171
949.0000000000,0.8096780070
950.0000000000,0.7922280394
951.0000000000,0.8344982696
952.0000000000,0.8158946593
953.0000000000,0.8332903434
955.0000000000,0.8007900872
958.0000000000,0.8151726272
959.0000000000,0.8218992207
960.0000000000,0.8173473922
961.0000000000,0.8058511783
962.0000000000,0.7811465086
965.0000000000,0.8094591297
966.0000000000,0.8204713471
968.0000000000,0.8177033829
969.0000000000,0.8110326596
971.0000000000,0.8225069635
972.0000000000,0.8118454655
973.0000000000,0.7374548630
974.0000000000,0.8319996825
975.0000000000,0.8265106129
976.0000000000,0.8115841581
978.0000000000,0.8428471620
979.0000000000,0.8283489197
980.0000000000,0.8022439824
981.0000000000,0.7882608249
982.0000000000,0.8224832415
984.0000000000,0.7795117047
985.0000000000,0.7938816567
986.0000000000,0.8214902389
987.0000000000,0.8092124641
988.0000000000,0.8107679448
989.0000000000,0.5247018600
990.0000000000,0.8015097405
991.0000000000,0.8136496935
992.0000000000,0.7995780524
993.0000000000,0.7454561703
994.0000000000,0.6394772940
995.0000000000,0.8346872018
996.0000000000,0.8078042140
997.0000000000,0.8025049856
999.0000000000,0.8331770922
1001.0000000000,0.8067001292
1003.0000000000,0.8224594406
1004.0000000000,0.8300888608
1005.0000000000,0.8308431342
1006.0000000000,0.8072119306
1007.0000000000,0.8104847992
1008.0000000000,0.8385472404
1009.0000000000,0.7586853589
1010.0000000000,0.8367139210
1012.0000000000,0.7712579776
1013.0000000000,0.8140356348
1014.0000000000,0.7720700990
1015.0000000000,0.8186178914
1016.0000000000,0.7800701335
1017.0000000000,0.8272771723
1018.0000000000,0.7927303606
1019.0000000000,0.7899843097
1020.0000000000,0.8201543465
1021.0000000000,0.8314303232
1022.0000000000,0.8283508003
1023.0000000000,0.7737618581
1025.0000000000,0.8197026797
1026.0000000000,0.8274901253
1027.0000000000,0.8194436929
1029.0000000000,0.8133051675
1030.0000000000,0.8229664412
1032.0000000000,0.7968274423
1033.0000000000,0.8026688982
1034.0000000000,0.8089412989
1035.0000000000,0.8061528740
1036.0000000000,0.7683934429
1037.0000000000,0.7708920051
1038.0000000000,0.8399460020
1039.0000000000,0.8379471695
1040.0000000000,0.8240196533
1041.0000000000,0.8281010652
1042.0000000000,0.7731931286
1043.0000000000,0.8034594797
1045.0000000000,0.8224389835
1046.0000000000,0.8209062528
1047.0000000000,0.8214341834
1048.0000000000,0.8178439314
1049.0000000000,0.7379109344
1050.0000000000,0.8104251105
1052.0000000000,0.8310776534
1054.0000000000,0.8162664170
1055.0000000000,0.8051664067
1056.0000000000,0.8235339997
1057.0000000000,0.7808430437
1058.0000000000,0.7932394597
1059.0000000000,0.8334441932
1060.0000000000,0.7978788718
1062.0000000000,0.7330664276
1063.0000000000,0.8240464615
1064.0000000000,0.8049977708
1065.0000000000,0.8138799276
1066.0000000000,0.7781879698
1067.0000000000,0.8158214151
1068.0000000000,0.8126520462
1069.0000000000,0.8190019964
1071.0000000000,0.8314242174
1072.0000000000,0.8154577061
1073.0000000000,0.7861074382
1074.0000000000,0.7870369726
1075.0000000000,0.8319903433
1076.0000000000,0.8447563660
1077.0000000000,0.8205862182
1078.0000000000,0.8484938954
1079.0000000000,0.8082386272
1080.0000000000,0.6863773895
1081.0000000000,0.8050404681
1082.0000000000,0.8290148114
1083.0000000000,0.8177084007
1084.0000000000,0.8160471662
1085.0000000000,0.8335367913
1086.0000000000,0.8285360764
1087.0000000000,0.7975348282
1089.0000000000,0.8193112275
1090.0000000000,0.7889306143
1091.0000000000,0.7914371507
1092.0000000000,0.8204864451
1094.0000000000,0.8120398930
1096.0000000000,0.7945138295
1097.0000000000,0.8170625978
1099.0000000000,0.8259083067
1100.0000000000,0.7747594254
1102.0000000000,0.8140889029
1103.0000000000,0.8158748479
1104.0000000000,0.8242337353
1105.0000000000,0.8138450769
1107.0000000000,0.7919420216
1108.0000000000,0.8218776667
1109.0000000000,0.8318716134
1110.0000000000,0.8043378204
1111.0000000000,0.7945984800
1113.0000000000,0.8470275524
1115.0000000000,0.8194608916
1116.0000000000,0.8214012891
1121.0000000000,0.8306846457
