piece_id,gamma,g_obs,shuff_g_mean,shuff_g_var,shuff_g_std,Z_g
1,1,0.2543343555382225,0.0003184898240120422,2.662598604891106e-05,0.0051600374077046245,49.2275240747152
1,2,0.018083237527153018,-0.0004534125549783522,3.2914534416000626e-05,0.0057371189996374165,3.2310032410523255
1,3,0.018795300432983608,-0.0004634531950250927,3.3607891986208195e-05,0.005797231406991461,3.322060527855183
1,4,0.05613611562437648,-0.0007454594972139214,4.250206813179002e-05,0.0065193610217405525,8.725023040126722
1,5,0.01740350776365851,-0.00032281602218559876,5.04488981582956e-05,0.007102738778689218,2.4957026209424287
1,6,0.03536595312149915,-0.00037573639876062326,7.105966728241961e-05,0.008429689631440746,4.2399769247674
1,7,0.022689885691654754,-0.00011145444548095518,0.00012690774977839613,0.01126533398432537,2.0240269990096684
1,8,0.02028604715990301,-0.0014807724282270632,0.0001944518014368409,0.013944597571706432,1.5609500006149275
1,9,0.01354860041166206,-0.0016524473992088346,0.00032055631284611387,0.01790408648454631,0.8490267193465296
1,10,0.013682704454275108,-0.0008543117574545563,0.0006429115229449014,0.025355700008970396,0.5733234028871901
2,1,0.3387607789784145,0.0002718720316885511,1.246707922729538e-05,0.0035308751361801767,95.86544238800667
2,2,0.04115729632348719,-5.1783772706300484e-05,1.4195789387386338e-05,0.0037677300045765405,10.937376098111635
2,3,0.020209098036556794,-0.0002484017920785109,1.652540241265562e-05,0.0040651448206251665,5.032415997787062
2,4,0.024610646122027235,-0.00029871221985116605,2.5596158455379613e-05,0.005059264616066214,4.923513639270059
2,5,0.022237697019728997,-0.0004946422442310372,3.0692671629712746e-05,0.005540096716638866,4.103238702618096
2,6,0.023832115431382306,-0.0003611564965120125,6.679119473926328e-05,0.008172588007434565,2.960295062700556
2,7,0.023669193041952252,-0.000570460387048631,0.00014432914941416467,0.01201370673082062,2.017666484800661
2,8,0.02290109261394291,-0.0005330506401664777,0.0002900930263965073,0.01703211749596941,1.3758796144786456
2,9,0.015194908964939913,0.0008127115252096229,0.0007467408074090251,0.02732655864555625,0.5263084029817663
2,10,0.006784521132031984,-0.0032460586604817045,0.001735074386736631,0.04165422411636821,0.24080582474640616
3,1,0.12344198378286275,0.0002737726728592486,2.3010101197433413e-05,0.004796884530341898,25.676709608272493
3,2,0.03678304938252519,0.00026419679662234206,2.5918106840061153e-05,0.0050909828952827125,7.173242051105906
3,3,-0.005099981733551973,-1.9050115834904716e-05,3.149420425878325e-05,0.005611969730743676,-0.9053740240048948
3,4,0.004642054861427658,-0.0003695476811085596,3.1033705323022466e-05,0.005570790367894171,0.8996214561257431
3,5,-0.0074389078286445365,0.0004664208193116711,3.802768032680652e-05,0.0061666587652315025,-1.2819468287312366
3,6,-0.000781576678920981,-0.00036570085590599896,4.213970853059382e-05,0.006491510496840764,-0.06406456913493049
3,7,0.0018767418920885293,-0.0002627351867835914,5.0610493900160114e-05,0.0071141052775567015,0.30073733736013974
3,8,0.015456635752025494,-0.0004791053329138351,5.663423143893404e-05,0.007525571834680341,2.1175455413902404
3,9,0.018444853409015582,9.554326702224781e-05,8.609962719999262e-05,0.00927898847935445,1.9775119004426134
3,10,-0.005534883123480938,3.100824224763173e-05,9.421769489993112e-05,0.009706579979577313,-0.5734142589294303
4,1,0.2276067712712453,5.677355807291599e-05,1.3261502090719138e-05,0.0036416345355786512,62.485676552662355
4,2,0.058586226047900536,-0.00011224125228516421,1.2502279079421128e-05,0.0035358562017453604,16.600920385622896
4,3,0.013381640764696057,-0.00047322789818175873,1.2480680271769609e-05,0.00353280062723183,3.921780514892507
4,4,0.02155412836968107,0.0001888140209642153,1.3563098329994524e-05,0.0036828111993414112,5.80136020889085
4,5,0.0032704922851177765,5.7948379744284054e-05,1.7420339174820753e-05,0.004173767982868807,0.7696987275189587
4,6,-0.0022903474220541398,-0.0007274978770351056,2.155363114113392e-05,0.00464258884041371,-0.3366332015909825
4,7,-0.0012295115165856796,-0.0005642634449654768,2.150696086535364e-05,0.004637559796418117,-0.14344786931567252
4,8,0.010801934204211272,-0.0005319776058935984,3.003689513551795e-05,0.005480592589813436,2.068008454262915
4,9,0.004635731931921572,-0.0007141804094255836,4.322235718234561e-05,0.006574371238555487,0.8137526992653722
4,10,0.0034952290892800164,0.000649917829589541,7.67028845743476e-05,0.00875801830178195,0.32488071635013077
5,1,0.28239842229227863,-0.00042125678816931335,5.19437151174575e-05,0.007207198839872361,39.24127603026652
5,2,0.04138203350184211,-0.0005644971500058819,7.637001755762952e-05,0.008738994081565081,4.799926657501033
5,3,-0.008370321137982417,-0.0004094900347685171,6.878552679793702e-05,0.008293704045716667,-0.9598643813828056
5,4,0.03691566296580029,-0.0009268369441153656,8.462952795940936e-05,0.009199430849754204,4.113569690121292
5,5,0.008702664792334613,0.0008882703961973067,0.00012292425518307265,0.011087121140452676,0.7048172647474341
5,6,0.028455413137176033,0.0014796531408842115,0.0001457090410312666,0.012071000001295112,2.23475768315778
5,7,0.0055588360591368735,0.00024040147164473038,0.0002260048305165183,0.015033457038103987,0.3537732255469898
5,8,0.0197594862863969,-0.0006087949674585358,0.0003821355633711159,0.01954828799079643,1.0419470627527623
5,9,0.03874978689899,-0.00028033321210182906,0.0007069992458819458,0.026589457419848677,1.467879524384592
5,10,0.021305287836923315,-0.003888803995369028,0.0013639608828940907,0.03693184104392971,0.6821780642433845
6,1,0.2391963856258149,0.00014351921945896664,4.5676481794787904e-05,0.006758437822070119,35.37102399991211
6,2,0.16717253160721723,-0.00031329828678025476,5.29919155626184e-05,0.007279554626666277,23.00770287243504
6,3,0.0003447968478241803,-0.0006475666540511149,5.699218931245013e-05,0.007549317142129487,0.13145076345214615
6,4,0.04011064851016666,-0.0004338155004768344,9.200429139726256e-05,0.009591886748563212,4.2269539949183335
6,5,-0.002426109925065756,0.0003650100428283213,9.215119128626597e-05,0.009599541201863033,-0.2907555589586292
6,6,-0.007115691748858843,-0.0006353778790351953,0.0001633401684326512,0.012780460415519121,-0.5070485459158185
6,7,0.009622981852750678,-0.001963491398865166,0.00024356091959421786,0.015606438401961477,0.7424162357350933
6,8,0.017841140530793442,-0.0018627393282094954,0.0005025427941125045,0.022417466273254534,0.8789521357509935
6,9,0.021127436033522518,-0.0044934461565287005,0.0008616034272340513,0.029353082073847906,0.8728515160892802
6,10,0.019146375687706496,-0.004663485657231295,0.0016419352886274446,0.04052080069084821,0.5875960232522095
7,1,0.3387607789784145,-0.0001497876041906465,1.1773906119339348e-05,0.0034313125942326134,98.76994802287895
7,2,0.04115729632348719,-0.0001356094607949576,1.1829778106794752e-05,0.003439444447406405,12.005690574656628
7,3,0.020209098036556794,-4.7253442719110324e-05,1.6638869248462244e-05,0.004079077009381196,4.965915434469533
7,4,0.024610646122027235,0.00018855167067161578,2.2466190024826388e-05,0.004739851266108082,5.152502279129264
7,5,0.022237697019728997,-0.0001517283609260974,3.885866430553518e-05,0.006233671815674545,3.591691388750522
7,6,0.023832115431382306,-0.0010686127175308228,6.916506506001631e-05,0.008316553676855354,2.994116206838283
7,7,0.023669193041952252,0.0008750204442600928,0.0001524816099458071,0.01234834442124964,1.8459294477133974
7,8,0.02290109261394291,-0.0007625147213544825,0.0003289556279358802,0.018137133950431095,1.3047048888744044
7,9,0.015194908964939913,-0.0034023449899311126,0.000834428371176861,0.028886473844636367,0.643804919039094
7,10,0.006784521132031984,-0.003124876364636264,0.0018484332302659639,0.04299340914914708,0.23048643252020026
8,1,0.31237309206368646,-0.00046269128486923475,2.5396895487486865e-05,0.005039533260877129,62.07634063597921
8,2,0.05863245238825521,-2.139269480868141e-05,2.538063280562749e-05,0.005037919491777086,11.642473679620913
8,3,0.0031647953191632494,-0.0007411538265355555,3.3224031802429294e-05,0.005764029129214155,0.6776421593537864
8,4,0.0003272933530996669,-0.00011544785971886536,3.569993775180239e-05,0.005974942489413801,0.07409966097631333
8,5,-0.00885474156182231,-0.0007983259077994597,5.187650484960784e-05,0.00720253461287121,-1.1185528549388324
8,6,-0.0019368600363578459,-0.00021410451090899305,7.624315932771634e-05,0.008731732893745453,-0.1972982392398723
8,7,0.02083157765651844,-0.000673234066102842,0.00012273258102215258,0.01107847376772417,1.941134868710257
8,8,0.002372724528813097,-5.308143074662689e-05,0.0002131422960948224,0.014599393689288004,0.16615799335143674
8,9,0.008946407437749104,-0.002059063260063836,0.00045197122030281577,0.021259614773151834,0.5176702783773597
8,10,0.0001058107750637749,-0.0017033218571019533,0.0007849584590373669,0.028017110112168366,0.06457242109991877
9,1,0.3272965336610184,-4.506581286031282e-05,1.9160075873400027e-05,0.004377222392499612,74.78294912197741
9,2,0.06109792846765649,-0.0005243731710440936,1.9573268931320627e-05,0.0044241687277183075,13.928560466653195
9,3,0.007770685948211287,-0.00018104292206706877,2.1168988845575787e-05,0.0046009769446907454,1.7282696622625289
9,4,0.016647625755583095,-0.0003015925216689086,2.374934595142838e-05,0.004873330067974914,3.4779540972678586
9,5,0.004126193032037095,-0.0003526451821036395,2.669401608277357e-05,0.005166625212145117,0.8668788677786015
9,6,0.010421848468400219,-3.79906613064344e-05,3.4812793153473595e-05,0.005900236703173322,1.7727829671784257
9,7,0.00735544724370818,-0.000808552361102104,5.3646630547004314e-05,0.007324386018432147,1.114632623712788
9,8,0.0045073903650112435,-0.0009453066055086349,8.678459064244544e-05,0.009315824743008287,0.5853155379090011
9,9,0.0043709555061127725,0.0008191117796484315,0.00013972169814046166,0.011820393315810675,0.3004843943486618
9,10,0.007373463541764935,0.000346151373084671,0.0002611034850882292,0.016158696887070726,0.43489349529807203
10,1,0.416311730372354,0.00038854065288701576,1.8467056163692367e-05,0.00429733128391242,96.78639188850201
10,2,0.010612209303795916,4.884180803544099e-05,2.084464714914601e-05,0.0045655938440849085,2.3136897097069116
10,3,0.005436565788789149,-0.00012136231979833157,2.66172301729838e-05,0.005159188906503017,1.077287187833317
10,4,0.0073215529520581635,-0.0006419172965839604,3.027082048122594e-05,0.0055018924454432894,1.447405656800422
10,5,0.007178406628051026,0.0005139310547465078,3.2782851593472964e-05,0.005725631108748883,1.163972223624582
10,6,0.0038968759250160856,-0.0003369935119147712,5.47678257476731e-05,0.007400528747844515,0.5721036403194862
10,7,0.007289006909440676,-0.0008955844555391027,7.180627620444252e-05,0.008473858401250431,0.9658635980714562
10,8,0.005409479582778154,0.00035859790111383703,0.00010200497457094189,0.010099751213319162,0.50009961384033
10,9,0.003636524715945444,-0.0006244287033861491,0.00019961672047465276,0.014128578147664144,0.30158402174645227
10,10,0.003397665272171224,-0.0005456144179804187,0.0003637343401009687,0.019071820576467488,0.20675947921915816
11,1,0.29721414290459125,-0.0005228704821042537,3.996037718412524e-05,0.006321422085585271,47.09968886045828
11,2,0.0906426510067545,-0.0005770088976143125,4.570235276652862e-05,0.006760351526845968,13.49333086336225
11,3,0.010113980255941235,-0.0007902355057320158,7.455622752031431e-05,0.008634594809272426,1.2628520506791527
11,4,0.036731469496778524,0.001405731281429258,0.00010043557987868512,0.01002175532921679,3.524905274065398
11,5,0.03213416347243869,0.0004921836906329901,0.00017586380792184572,0.013261365235971963,2.3860273221323864
11,6,0.021399940742683587,-0.0001727872961654838,0.0003957616598923164,0.019893759320257106,1.0843967543571482
11,7,0.02696353333540491,-0.0005530704847351138,0.0007607016677377498,0.02758082065018642,0.9976716853040425
11,8,0.032376247049603846,-0.00027355794177967666,0.0021322428738990745,0.046176215456651216,0.7070697472389035
11,9,0.030789044806743382,-0.009281216656604694,0.004838386671677275,0.06955851257522169,0.5760655307287581
11,10,0.020746450169235375,-0.020247102801931944,0.011761666846093219,0.10845121873954769,0.3779907081506928
12,1,0.3299626031664632,0.00021074297607308944,8.625764499410922e-06,0.0029369651852568703,112.27639396125481
12,2,0.03270284233257459,7.257105911317192e-05,9.211072682757615e-06,0.0030349749064461167,10.751413859849894
12,3,0.015507948820369433,-0.0005407184349879202,9.5884096452369e-06,0.003096515726625153,5.182814709243721
12,4,0.009725059612286535,0.0001769991267697472,1.123924316006735e-05,0.0033524980477350544,2.848043563207278
12,5,0.002144007298832462,-7.866047331976933e-05,1.1024115535936368e-05,0.003320258353793627,0.669426151616388
12,6,0.003384248934837353,-1.1041578912428518e-05,1.5082750734124288e-05,0.003883651726677392,0.8742520577803145
12,7,0.0042025303915164125,-0.0005627932236247013,1.495236685593349e-05,0.0038668290440532138,1.2323595278849195
12,8,0.0019319585744084211,-0.0007021087924745716,2.2280592289794867e-05,0.004720232228375513,0.5580376641319441
12,9,0.0030828280273637043,-0.00020523364638558083,1.9014110154151596e-05,0.004360517188837993,0.7540531389638897
12,10,0.0024577518103053864,-0.00021091952177837287,2.7291768522128298e-05,0.0052241524214104145,0.51083335952194
13,1,0.27429308217134885,4.354043947403981e-06,5.647844492879368e-05,0.0075152142303991365,36.497792307490066
13,2,0.13941525852104508,-0.0006303339805380996,6.586582189325318e-05,0.008115776111577572,17.25597041813425
13,3,0.006898161368426692,-0.0006350588556236788,6.962051135332844e-05,0.008343890660437038,0.9028426342844471
13,4,0.04719494930936641,-0.00022060027054225754,8.716879307626047e-05,0.009336422927238273,5.078556311066154
13,5,0.01174545938070859,-0.0012994746616750601,9.726886744207722e-05,0.009862498032551247,1.3226805216415505
13,6,0.00707660067457927,7.28872828559135e-05,0.00014022201077836826,0.011841537517500346,0.5914530424256752
13,7,0.008683090883372824,-0.0003067502179199851,0.0001720284608490611,0.013115962063419561,0.6854122524771165
13,8,0.006081419823144252,-0.002761761147117398,0.00028007761032971466,0.016735519422166577,0.5284079177458129
13,9,0.009898036970211521,-0.0019030819118353345,0.0005068477513709034,0.022513279445049834,0.5241847999466669
13,10,0.006896426906670805,-0.0009601442116993734,0.0007893718711238201,0.02809576251187748,0.2796354473401038
14,1,0.3021689115650722,-1.0898036628557891e-05,4.461162572178365e-05,0.006679193493363076,45.24196071007199
14,2,0.056379083737843616,-6.950584778795362e-05,5.182064251968118e-05,0.007198655605019675,7.841546072334612
14,3,0.008772886183415096,0.00012507777825107998,6.072086309765264e-05,0.007792359276730805,1.109780503959528
14,4,0.019286194640046328,0.0004161634807667458,5.588306860956069e-05,0.007475497883723912,2.524250752630739
14,5,0.0120699769301148,-0.0013142377847961894,7.720314973644593e-05,0.008786532293029255,1.5232647270333577
14,6,0.009172632634569244,-0.000117836584096442,9.948291472751062e-05,0.009974112227537378,0.9314582598154219
14,7,0.0027598453431495473,-0.0001799624114556786,0.00013484242296324316,0.011612167022706966,0.2531661617385102
14,8,-0.0020817136543829218,-0.001206508522871382,0.0001795690216221481,0.01340033662346391,-0.06531217506723382
14,9,-0.0014924684144799194,-0.0006004004379711218,0.0002539554373897576,0.01593597933575962,-0.055978233763584094
14,10,-0.008163459838594234,-0.0022228723379673935,0.0004037978130239718,0.020094721023790597,-0.29562925972416554
15,1,0.293448874544629,0.00017138061169938174,6.832129273747812e-06,0.002613834209307815,112.20202600783703
15,2,0.02595169830747024,-9.504744784047133e-05,8.098435221971856e-06,0.002845774977395763,9.15277770104884
15,3,0.012765695368193386,2.3264827739946463e-05,9.07354960587917e-06,0.0030122333252719934,4.23022693280337
15,4,0.009705607393019955,7.230715126096373e-05,1.0119794199498398e-05,0.003181162397536221,3.0282327771822923
15,5,0.015047335599099432,7.040523506240441e-05,1.2868727413714735e-05,0.0035873008535268875,4.174985866968008
15,6,0.016622509921767392,8.244251447593553e-05,1.398530130839739e-05,0.00373969267566165,4.422841351359195
15,7,0.021008505099559316,-0.0003204272774767813,1.9813152116401996e-05,0.004451196706100731,4.791729906657022
15,8,0.002864270179068984,-0.00046250789980817884,2.569792450519551e-05,0.005069312034704069,0.656258296215015
15,9,0.008708687931977988,-0.0003764904849174507,4.1028659599063785e-05,0.00640536178518152,1.4183708464233102
15,10,0.004409909369758935,-0.0004210543714613106,8.466239488460624e-05,0.009201217032795512,0.5250352995697682
16,1,0.4170809354307672,7.335378958065612e-05,4.9049240229042155e-05,0.007003516276060344,59.54260191649956
16,2,0.00911168804699336,-0.00015159667081574384,5.80389030199267e-05,0.0076183267861077405,1.2159211566903374
16,3,0.023004533998957077,-0.00019125467767229157,7.111460309314623e-05,0.008432947473638517,2.750614627820184
16,4,0.01471661105661104,-0.0016281912348634915,9.240391881183249e-05,0.009612695709936546,1.7003349304585886
16,5,0.015616724471370524,-0.0002695229584013947,0.00018196268253020033,0.013489354414878436,1.1776877485144706
16,6,0.008727596836365259,0.0016783793325969608,0.00034802270030816223,0.018655366528378965,0.3778653983048186
16,7,0.004912838874913894,-0.0012208158211750334,0.0008223154528364565,0.028676043186542603,0.21389473632008596
16,8,0.013340645336757162,6.177675434490474e-05,0.001630466852210842,0.040379039763357945,0.32885548195879083
16,9,0.01182590918182247,-0.005987970602156617,0.0041723455153838155,0.06459369563187893,0.27578356695211914
16,10,0.008492135999272232,-0.017254331701550735,0.011933966952141007,0.10924269747741039,0.23568136173264045
17,1,0.36660441045960834,-0.00010159053845747741,1.5597642241525444e-05,0.0039493850459945586,92.8514178099643
17,2,0.11006478523187335,8.35012111706875e-05,2.2796490747802025e-05,0.004774567074385072,23.034818090783112
17,3,0.016148352152004053,-0.0007621013804547749,3.562491066712073e-05,0.005968660709666845,2.833207373485086
17,4,0.035150478323811574,0.00025780599335951964,7.001807312448807e-05,0.00836768027140665,4.169933744921448
17,5,0.012666386302513266,-0.0012823507519588995,0.00012793959491633658,0.011311038631192831,1.2331968362308714
17,6,-0.001848448581398321,0.00021332284860095603,0.0002923147640233347,0.017097215095545085,-0.12059106810538402
17,7,0.0013818681512606235,0.0016225348197289103,0.0006886564036463013,0.02624226369134914,-0.009170956869381033
17,8,0.008352088420033543,-0.004606068105440029,0.001531199448964866,0.03913054368348166,0.33115196738101177
17,9,0.0036344916629148516,-0.004265921188620041,0.0036695863133892823,0.060577110474083214,0.13041911028283426
17,10,-0.004539338857143083,-0.01634559010841542,0.009417021683392325,0.0970413400741783,0.12166207971002513
18,1,0.2671566748415656,-2.6633074547955568e-05,6.421166313890345e-06,0.0025340020350998822,105.43926335307069
18,2,0.03925711133841392,5.467405966836554e-05,7.616648550352315e-06,0.0027598276305509217,14.204668742634443
18,3,0.0129379645072899,-8.956296131941563e-05,6.902198359764029e-06,0.002627203524617769,4.958705081862543
18,4,0.022948265203276308,-9.185735429110941e-05,9.83534123100637e-06,0.0031361347597012425,7.346662156750653
18,5,0.015240574498713633,-1.2113303778252814e-05,1.0156004516186496e-05,0.0031868486810933613,4.786134934169172
18,6,0.010262883211594853,-6.637038667584361e-05,1.1904838007248477e-05,0.0034503388249921886,2.99369253925202
18,7,0.014390454068277658,-0.000150979950777251,1.645442714703068e-05,0.004056405693102044,3.5848076152202313
18,8,0.01493772453193809,9.152859391722205e-05,2.118194256181977e-05,0.004602384443070762,3.2257618027483432
18,9,0.011934236606552906,-0.0005611100961451816,2.733086619587599e-05,0.005227893093386282,2.390130494157529
18,10,0.011312849015774118,-0.0002407060570889367,3.965252363909014e-05,0.006297024983203588,1.8347640518626664
19,1,0.3134294930115278,2.809184633515427e-06,1.6018025379181766e-05,0.004002252538156702,78.31257044345524
19,2,0.045216672117850965,3.905518123085557e-05,1.703371248870901e-05,0.004127191840550789,10.946333168411911
19,3,0.01828220966058869,-0.0001876513772678586,1.7731529756379443e-05,0.004210882301416111,4.386221156465279
19,4,0.015872400692704347,-0.0002537087817651862,2.910611652700796e-05,0.005395008482570529,2.9890795402023196
19,5,0.01642893842525217,0.0004156119333669654,4.638484694971517e-05,0.006810642183356513,2.3512212300651654
19,6,0.025237029977386527,0.00029458807073249845,9.182838913996147e-05,0.009582713036502839,2.6028580644794768
19,7,0.015439369981478657,-3.249203574525739e-05,0.0001631549501488258,0.012773212209496317,1.2112741699947074
19,8,0.023642577329035297,0.00010967958009111692,0.0003534483539734993,0.0188002221788334,1.2517350872288708
19,9,0.009049956453744623,-0.00037569609430881094,0.0008163562648779726,0.028571948916340528,0.32989183116811566
19,10,0.007787974860273383,-0.0044118775430474965,0.0017935790321710692,0.04235066743477686,0.28806753570317517
20,1,0.30953407427840174,-0.0003352827581786344,1.651403805203851e-05,0.004063746799695881,76.25213191426447
20,2,0.03928328215051091,-0.00010185849219033687,1.6615912908678956e-05,0.0040762621246282675,9.662072614207299
20,3,0.013343850477848918,-0.0004799194128059777,2.311160174912222e-05,0.004807452729785517,2.8754874291341475
20,4,0.01754245990509773,-8.784433289053836e-05,2.8094577820797485e-05,0.005300431852292555,3.3262014736332794
20,5,-0.0009999574321062354,0.00037846268001207864,3.53080652105914e-05,0.005942059004300731,-0.2319768469348157
20,6,-0.002034006038144298,-0.00045350713828281263,4.698708378824158e-05,0.006854712524113727,-0.2305711427432669
20,7,0.0037784165738091735,-0.001120673519077515,6.360312490940547e-05,0.007975156732591873,0.6142938950485699
20,8,0.0004044334343532574,-0.0014053844131895028,0.00010148891934834002,0.010074170901287115,0.17964930963316603
20,9,0.005350783183437957,-0.0010351317935927066,0.00016978928197915067,0.013030321637594012,0.49008114723788154
20,10,0.004489708482226518,0.0008639482537640194,0.0003742059697362694,0.019344404093594336,0.18743199381691603
21,1,0.21976196733217568,-8.002964038115438e-05,1.1193187923344333e-05,0.00334562220272169,65.71034732903004
21,2,0.052514423420040646,-0.00024275017497863945,1.197720012161849e-05,0.003460809171511554,15.244172960850337
21,3,0.005588328432354794,-0.0004489684474594254,1.1261046467595167e-05,0.003355748272382058,1.7990911086810097
21,4,0.01824264005157883,0.00014507594674154412,1.3376137150172306e-05,0.003657340174248535,4.94828570562369
21,5,0.003127575664272353,8.550530275714767e-05,1.4364073643712788e-05,0.0037899965229156595,0.8026578238586163
21,6,0.00547410182434005,-3.352787957259573e-05,1.662346487050778e-05,0.004077188353572567,1.350840144308437
21,7,0.0018587769854582215,-6.515385863735827e-05,2.0723211717330334e-05,0.004552275443921461,0.4226305872296362
21,8,0.004474021653427029,-3.2065124587578785e-05,1.5820026129829834e-05,0.003977439645026664,1.132911415424985
21,9,0.0011763794036102615,-0.0006602522894395376,2.3830883505476858e-05,0.004881688591612215,0.3762287697346211
21,10,0.0030573004165624917,-7.505062800291358e-05,2.7825382098665962e-05,0.005274976976126622,0.5938132163878123
22,1,0.40027293608703873,-0.0004176912951019692,9.552701786608024e-06,0.003090744535966702,129.6421049101088
22,2,0.076437869909884,-0.0001386209000759412,1.1066543119850992e-05,0.0033266414173834533,23.019159928030547
22,3,0.017638019252746773,0.0001250227505085207,1.1418005601340047e-05,0.0033790539506406295,5.182810561198051
22,4,0.027411755646852387,-6.138965882324655e-05,1.114621398971107e-05,0.0033385946129638245,8.228955141482858
22,5,0.019177594655792163,-0.00012410063707790669,1.9965445996508353e-05,0.004468271029884865,4.3197234822542585
22,6,0.021476529626734187,8.472596277357783e-05,3.050821816941331e-05,0.005523424496579392,3.872924066801015
22,7,0.011317689669503972,-0.00029123921764550475,4.641109450131709e-05,0.0068125688621339525,1.704045731071425
22,8,0.009039849411548784,-0.0009440654044733439,7.965447130755286e-05,0.00892493536713588,1.1186540188050784
22,9,0.006997987211400214,0.0008455191686943564,0.00016845027196679894,0.012978839392133602,0.47403838331144094
22,10,0.008180861675876283,-0.0027970190529815727,0.000384846971459703,0.01961751695449001,0.559595832353557
23,1,0.40852800944014356,-0.0006414391594537768,6.387401314055735e-05,0.007992121942297762,51.196597293404125
23,2,0.03126926754643233,-0.001328471587748914,7.394596955497726e-05,0.008599184237762165,3.7907943629155714
23,3,0.01610704771538496,-0.00023560473324114964,0.00010733205775214594,0.01036011861670251,1.577458043991755
23,4,0.023177932028145665,-0.001209354873776458,0.00014238678624517095,0.011932593441711275,2.043754111044673
23,5,0.008904341376488989,-0.0012449828636040508,0.00025920498244995664,0.016099844174710408,0.6303989113158978
23,6,0.0321218531402373,-0.000459208814038502,0.0005502830763947657,0.02345811323177475,1.388903772113425
23,7,0.01321149772043384,-0.00530331569802497,0.0009093063179756919,0.03015470639843293,0.6139941531455595
23,8,0.001101402872600965,-0.0070852712014381,0.003302130461461312,0.05746416676034999,0.14246572317285966
23,9,-0.0009610005543416733,-0.00921228336634804,0.006111543041945044,0.07817635858713966,0.10554703443764313
23,10,0.009233495266936731,-0.02643320784326635,0.02053420113303376,0.14329759639656822,0.24889952104637844
