piece_id,d,C_obs,shuff_C_mean,shuff_C_var,shuff_C_std,Z_C
1,0,1.0,1.0,0.0,0.0,
1,1,0.4735015936209138,0.47341015314869567,2.8799139373311797e-07,0.0005366482961243034,0.1703918057292618
1,2,0.3006759944309565,0.22419479570585332,1.588724114576373e-06,0.0012604459982785352,60.67788610504379
1,3,0.19444706532119804,0.10613174124659125,1.8209439711435246e-06,0.0013494235699525647,65.44670334883159
1,4,0.1281576131355786,0.050223058985068646,1.1104210527565121e-06,0.00105376517913457,73.95817938728587
1,5,0.08949073168486578,0.02375177100952336,5.352192925087086e-07,0.0007315868318311289,89.85804256591219
1,6,0.06359698074997987,0.011231460493159505,2.2845637655943787e-07,0.0004779711043143067,109.55792051894747
1,7,0.04685245486658459,0.005310535541006495,8.9642278359277e-08,0.0002994032036556673,138.74908089946138
1,8,0.03531797627403376,0.0025116002562066866,3.253953764888282e-08,0.00018038718815060792,181.86644159249576
1,9,0.027174400810042687,0.0011867317155492148,1.1271986538487654e-08,0.00010616961212365643,244.77502154030165
1,10,0.021195733468340448,0.0005603677409704402,3.947114422979473e-09,6.282606483760918e-05,328.45230368490604
1,11,0.016761785315675015,0.0002647673620300161,1.3659436248364059e-09,3.695867455464828e-05,446.3638956871135
2,0,1.0,1.0,0.0,0.0,
2,1,0.429485459575029,0.4290222790827972,1.3826540029276328e-07,0.0003718405576221659,1.245642743206106
2,2,0.27895768145966104,0.18411259484596385,5.242176387818515e-07,0.0007240287554937659,130.99629799788227
2,3,0.18896475838877863,0.07900909904241765,4.593413154217745e-07,0.0006777472356430342,162.23697208006618
2,4,0.13064413143082046,0.03389849047325682,2.2527636688757485e-07,0.0004746328759026021,203.83257433144286
2,5,0.09260213167949458,0.014540541829138437,8.794576563153663e-08,0.00029655651338579065,263.22669146303906
2,6,0.06713032861444572,0.006234648345802871,3.1743536193046684e-08,0.00017816715800911986,341.78959213979147
2,7,0.04985308594308728,0.0026727482760307746,1.0592285218198135e-08,0.00010291882829782962,458.4228021963543
2,8,0.037919999850421576,0.0011455120708228907,3.4978983570501786e-09,5.9143033038982526e-05,621.789006920896
2,9,0.029519301693134256,0.0004909693585485157,1.1279354137078222e-09,3.3584749719297036e-05,864.3307625397226
2,10,0.023334233920085858,0.0002108448095819936,3.6808836808679995e-10,1.918562920747714e-05,1205.2452833546931
2,11,0.01857109602654269,9.054013080009811e-05,1.35781030556994e-10,1.16525117703006e-05,1585.9718711329697
3,0,1.0,1.0,0.0,0.0,
3,1,0.5622842209954179,0.5625816429849516,3.663627406804155e-07,0.0006052790601701132,-0.4913799420884682
3,2,0.36068752932618803,0.3165920660827997,2.5537638356850042e-06,0.001598050010382968,27.59329367472108
3,3,0.24020510932353886,0.17821828188013883,4.1465121344505396e-06,0.002036298635871109,30.44093157626787
3,4,0.15915639361413134,0.10033102016594038,3.884523755134862e-06,0.0019709195202074745,29.846664384347125
3,5,0.10594650903302719,0.0564686996496947,2.692434881013162e-06,0.0016408640653671352,30.153509012498287
3,6,0.07000523100617169,0.031801350482651966,1.5751128265231787e-06,0.0012550349901589114,30.44049036328651
3,7,0.04622054191427885,0.017906608205121292,8.486973662352081e-07,0.0009212477225129015,30.734332381224462
3,8,0.030574220793361785,0.010082257759138721,4.188389452687365e-07,0.0006471776767385727,31.66358137921495
3,9,0.020541914278850795,0.00567566564366446,1.973549514824251e-07,0.00044424649855955543,33.46396355039222
3,10,0.014060854786819661,0.003196824277855482,9.232705026134628e-08,0.0003038536658678751,35.75415316426754
3,11,0.0095716187606781,0.0018016378512313827,4.220110426955802e-08,0.0002054290735742096,37.82318040119027
4,0,1.0,1.0,0.0,0.0,
4,1,0.5234000065451014,0.5238853476328221,8.289483881467844e-08,0.0002879146380694779,-1.6857117476728374
4,2,0.3546737033185668,0.2744750496949071,1.034492709858906e-06,0.0010171001474087525,78.85030183898836
4,3,0.2552958218877542,0.14379100823280264,1.3537864402126e-06,0.0011635232873529434,95.83376187392771
4,4,0.18625555415303383,0.07529591227248815,1.0219136337797977e-06,0.0010108974397928792,109.7635007397783
4,5,0.13887943856387117,0.03943787106996155,5.849714410891166e-07,0.0007648342572669693,130.0171462628393
4,6,0.10389373426754638,0.02065914202625209,2.995374440121727e-07,0.0005473001407017658,152.08216854205122
4,7,0.07754382379518374,0.010815227111680134,1.396893659905644e-07,0.0003737504060072235,178.53785738018416
4,8,0.057805801497759636,0.005659373776271961,6.151406661675613e-08,0.00024802029476790025,210.2506481184808
4,9,0.04356245863395719,0.0029603177624479924,2.5770384485678734e-08,0.0001605315685018954,252.92309326081124
4,10,0.032981567525076756,0.0015477045505596844,1.0426960608757729e-08,0.00010211248997433041,307.83563286351244
4,11,0.025058254742026165,0.0008098685881659666,4.024722806179795e-09,6.344070307129166e-05,382.221270886784
5,0,1.0,1.0,0.0,0.0,
5,1,0.4793182658902717,0.4797983606373611,7.784048282470752e-07,0.0008822725362647731,-0.5441569666465269
5,2,0.32015815900231004,0.23012156824196192,3.165714861217259e-06,0.0017792455876627204,50.603801625060285
5,3,0.22307947011301876,0.11032387155854134,3.7779409420067673e-06,0.0019436926048135201,58.01102410702196
5,4,0.1541468234977611,0.05287862404599733,2.3650484736158385e-06,0.0015378714099741364,65.84958846036866
5,5,0.11059748094150393,0.02532853217029297,1.1951269719649525e-06,0.001093218629536175,77.99807510359426
5,6,0.08004827031375704,0.01214795135718221,5.323344934296407e-07,0.0007296125639198113,93.06352756836228
5,7,0.05963427347486762,0.005838082328564068,2.1636653445964738e-07,0.0004651521626947975,115.65288836806097
5,8,0.04467461514384088,0.0028091287630883,8.674330186620984e-08,0.00029452215853176456,142.14715316992806
5,9,0.03414232240741076,0.001352625075557096,3.314439789699784e-08,0.00018205602955408492,180.10772514465143
5,10,0.027144937696114316,0.0006526063641278616,1.2628247973510746e-08,0.00011237547763418292,235.74833130611663
5,11,0.02205146246633883,0.0003150418334096448,4.839153135361241e-09,6.956402184578779e-05,312.4664166358196
6,0,1.0,1.0,0.0,0.0,
6,1,0.48384615384615387,0.4846824175824174,8.648599737210128e-07,0.0009299784802461897,-0.8992291262935169
6,2,0.3077102897102897,0.2349626573426574,3.4923320331668478e-06,0.0018687782193633486,38.927911088569836
6,3,0.23497502497502498,0.11387976023976024,3.4331650231432035e-06,0.0018528801966514736,65.35515083711736
6,4,0.1794945054945055,0.05516703296703301,2.1873011635489962e-06,0.0014789527252583147,84.06453458866129
6,5,0.14284315684315685,0.026719040959040954,1.0963979429002037e-06,0.001047090226723659,110.9017283519757
6,6,0.1134005994005994,0.012949517149517153,4.839807674163951e-07,0.0006956872626521166,144.39114763743135
6,7,0.08939060939060939,0.006275284715284717,2.0111830448009317e-07,0.00044846215501432576,185.3340883862756
6,8,0.07114885114885115,0.0030373692973692996,7.974831121009358e-08,0.0002823974348504136,241.19015772066282
6,9,0.05765834165834166,0.0014693906093906093,3.118513740293296e-08,0.0001765931408717025,318.18308894439537
6,10,0.047734265734265736,0.0007091841491841486,1.1888680938961764e-08,0.00010903522797225566,431.2833793225733
6,11,0.04028971028971029,0.00034211788211788147,4.639507382516884e-09,6.811392943089456e-05,586.4819830739835
7,0,1.0,1.0,0.0,0.0,
7,1,0.429485459575029,0.42902231491929455,1.1193602372273458e-07,0.0003345684141139665,1.3843047825090662
7,2,0.27895768145966104,0.18403478602027606,4.570691548003555e-07,0.0006760688979685099,140.40417437426078
7,3,0.18896475838877863,0.0789354612733673,4.101906926026219e-07,0.0006404613123387094,171.79694541365535
7,4,0.13064413143082046,0.033856541516270225,2.1598052208254695e-07,0.00046473704616970977,208.2631258090106
7,5,0.09260213167949458,0.014525389223310932,9.309409947320044e-08,0.0003051132567968826,255.89429733680905
7,6,0.06713032861444572,0.006231533686774683,3.402846132895445e-08,0.00018446804961552135,330.13193913308953
7,7,0.04985308594308728,0.0026709657998285462,1.1196451100846773e-08,0.00010581328414167464,445.8997802212248
7,8,0.037919999850421576,0.001146211661570093,3.648889798370107e-09,6.0406041075128464e-05,608.7766642928152
7,9,0.029519301693134256,0.0004918341088039678,1.2087545533084662e-09,3.476714761536336e-05,834.9108159653354
7,10,0.023334233920085858,0.00021067030142233494,4.3009941991479713e-10,2.0738838441793147e-05,1114.988367529044
7,11,0.01857109602654269,9.022071854357983e-05,1.4914678622648866e-10,1.2212566733757841e-05,1513.2670888024284
8,0,1.0,1.0,0.0,0.0,
8,1,0.4799139677763831,0.48033941250895795,4.3381232702195633e-07,0.0006586443099442645,-0.645940041007616
8,2,0.3349453225413959,0.23062563745768988,1.8098753146012323e-06,0.0013453160649457927,77.54288215380036
8,3,0.24832773192867555,0.11073376031674485,1.772073422987976e-06,0.0013311924815698052,103.36143984953505
8,4,0.1846941582882531,0.053133397054712005,1.1106293419311224e-06,0.001053864005425331,124.83656387945828
8,5,0.13741155731871812,0.025495419782003755,5.680224420595019e-07,0.0007536726358701781,148.49436241969676
8,6,0.10133622560378515,0.012226128385476985,2.50378345036027e-07,0.0005003782019992747,178.08548986000258
8,7,0.07458746260968314,0.005863264402188384,1.0149492546760905e-07,0.00031858268230964637,215.71856231877126
8,8,0.05606728709993302,0.0028110772620322886,3.900639425362351e-08,0.0001975003651987092,269.65119676775566
8,9,0.0422459360896314,0.0013485015859264402,1.4519334699051575e-08,0.00012049620201089981,339.40849438561946
8,10,0.03211908706163329,0.0006462953377191258,5.403370412410394e-09,7.350762145798484e-05,428.15685094508524
8,11,0.024422347304928538,0.00030972325242167723,1.943531096186734e-09,4.4085497572180515e-05,546.9513872000113
9,0,1.0,1.0,0.0,0.0,
9,1,0.4935616703554293,0.4942588959059675,1.6822124018240874e-07,0.0004101478272311201,-1.6999372037275342
9,2,0.3621255644330032,0.24428537593112917,1.1587458044407762e-06,0.0010764505582890355,109.47106450404479
9,3,0.2829805899578452,0.12067789631815558,1.277844977611389e-06,0.0011304180543548431,143.57758442943455
9,4,0.22286509593398945,0.059607715647271735,8.603426856841896e-07,0.0009275465948857715,176.00989663147118
9,5,0.17849181059817254,0.029435911746427075,4.4898463647266574e-07,0.0006700631585698961,222.45052118649954
9,6,0.1435457118788621,0.014532594534352582,2.0553826390557663e-07,0.00045336328027926635,284.56896038214427
9,7,0.11665733575413831,0.007175354298527578,8.398188541485578e-08,0.0002897962826104845,377.7894611669867
9,8,0.09550808126788789,0.003540500520612595,3.236427747376657e-08,0.00017990074339414657,511.2129000255573
9,9,0.07854709843502283,0.0017458398954937804,1.2363527639736386e-08,0.0001111914009253251,690.7122124588386
9,10,0.06488175902525974,0.0008619774906996097,4.693727300902382e-09,6.85107823696561e-05,934.4482623061525
9,11,0.05399197367112981,0.00042605818652406924,1.7859092471928808e-09,4.226001948878965e-05,1267.5317269745988
10,0,1.0,1.0,0.0,0.0,
10,1,0.4456003766534857,0.4455637805444633,7.361930949137255e-08,0.0002713287848558876,0.13487735568432063
10,2,0.3401810624023609,0.19860801367328934,8.009253999463919e-07,0.000894944355782186,158.1920125138238
10,3,0.26248722420952986,0.08853618267423699,7.289484581948759e-07,0.0008537847844714005,203.74108873700567
10,4,0.2036449848947948,0.039465791611475565,4.2354142994212567e-07,0.0006508006069005511,252.27264932223315
10,5,0.15915880721529874,0.017582346652327233,1.7984203393514308e-07,0.00042407786305717854,333.84543947271004
10,6,0.12529000250210165,0.007838023320776863,6.72566633684466e-08,0.0002593388967518112,452.8899469088395
10,7,0.09901428549993573,0.0034935246123128007,2.3188820492993897e-08,0.00015227875916553135,627.2756713481566
10,8,0.07882363643908896,0.0015560801272705952,7.518622747117564e-09,8.670999219880926e-05,891.103255258734
10,9,0.06309148648763731,0.0006935340926330931,2.279575461217601e-09,4.7744899845089225e-05,1306.902990632666
10,10,0.050683576602227075,0.0003090115806347875,6.539568575834759e-10,2.5572580190185658e-05,1969.866343049937
10,11,0.04085468331652424,0.0001377079604456166,1.9060027147966826e-10,1.380580571642482e-05,2949.2646928702957
11,0,1.0,1.0,0.0,0.0,
11,1,0.4169460928347833,0.4158772893421163,6.41003766791161e-07,0.0008006271084538426,1.3349579115938566
11,2,0.24736417583683817,0.17287081740956262,1.554638364652771e-06,0.0012468513803388,59.74517861706492
11,3,0.16138349561176085,0.07182293407078796,1.1267473823015373e-06,0.001061483576086572,84.3730073254271
11,4,0.10636438708686217,0.02982105842663546,5.280971421842875e-07,0.0007267029256747818,105.32960024779344
11,5,0.07277563326995833,0.012401970386587533,2.0188379008301173e-07,0.00044931480064984696,134.368293223486
11,6,0.051447062664438936,0.0051621824047934535,6.92011985001817e-08,0.00026306120675649174,175.94719050494618
11,7,0.03716464058689098,0.002149981115528158,2.3245646261343286e-08,0.0001524652296798955,229.65668660898592
11,8,0.02759117358990609,0.0008962378291179355,7.767696374170918e-09,8.813453564960172e-05,302.8884825231253
11,9,0.02116917286013328,0.00037496879261009013,2.8347198841147953e-09,5.3242087525892475e-05,390.55951849015383
11,10,0.016757888267941848,0.00015676672235985474,1.0538962499534997e-09,3.2463768264844114e-05,511.37383097820447
11,11,0.013546887903055443,6.541068925121465e-05,3.810869265765241e-10,1.9521447860661464e-05,690.5982235555053
12,0,1.0,1.0,0.0,0.0,
12,1,0.5575275658750805,0.5574307480160159,2.8831442628160614e-08,0.00016979824094542502,0.570193533958263
12,2,0.46390990738658144,0.3107972182630451,8.567920669349992e-07,0.0009256306320206776,165.4144578051474
12,3,0.39906260969412655,0.17330131206216248,1.2267454059816922e-06,0.0011075853944422038,203.83195622190445
12,4,0.3486873686322844,0.09658341610387752,1.054135510167713e-06,0.0010267110158986865,245.54519102703767
12,5,0.30766323546975305,0.05383903060755363,7.335167960877577e-07,0.0008564559510492981,296.36574368036486
12,6,0.27204899180930314,0.030010806414466237,4.269790525814431e-07,0.0006534363416442669,370.408209598179
12,7,0.2413742247776512,0.016729189666436904,2.1853818309441468e-07,0.00046748067670697864,480.54400171929234
12,8,0.2150619824230729,0.009320937993865654,1.0599462812418722e-07,0.00032556816202477054,631.9446076964787
12,9,0.19198895647276434,0.005190093778773921,4.853881105046809e-08,0.00022031525378527037,847.8707646636824
12,10,0.17192133487483577,0.0028896446858414104,2.141235348021734e-08,0.00014632960561765122,1155.1434822469355
12,11,0.15433058518286347,0.0016086870035325104,9.137516915115452e-09,9.55903599486656e-05,1597.6705000519553
13,0,1.0,1.0,0.0,0.0,
13,1,0.5279889151378553,0.5188064960765231,9.830068537525468e-07,0.0009914670210110605,9.261446792217386
13,2,0.3841389514964926,0.269177257702544,5.028657380443532e-06,0.0022424668069881285,51.2657281863424
13,3,0.32475679508561467,0.13958949711723642,6.312761821023293e-06,0.002512521009071027,73.69781080431304
13,4,0.2764613097068517,0.07235690193056526,4.806295288320909e-06,0.0021923264556906004,93.09945936495662
13,5,0.24700538686675375,0.03750883641507451,2.8042884530242886e-06,0.0016746009832268368,125.10236919125313
13,6,0.2233107704775101,0.019426902256164984,1.4380394041750002e-06,0.0011991828068209618,170.01900549411815
13,7,0.20332799108580277,0.010068146818950865,6.706237944589936e-07,0.0008189162316494853,235.994643649427
13,8,0.18675496449153983,0.0052206058808136205,2.9785958181589094e-07,0.0005457651342985286,332.62359062942363
13,9,0.17258233151118074,0.0027025260509937424,1.2539980445127234e-07,0.0003541183480861622,479.72607569843495
13,10,0.16107961637115475,0.0013993854606452428,5.341531122830206e-08,0.0002311175268738874,690.9048961814191
13,11,0.15138759754425443,0.0007254663613264693,2.155613753292748e-08,0.00014682008559092818,1026.168392264152
14,0,1.0,1.0,0.0,0.0,
14,1,0.49999404637100425,0.49783377812981866,3.2227018096993664e-07,0.0005676884541453496,3.8053763915946797
14,2,0.3582443524651907,0.24784712116152724,3.0649086663754816e-06,0.001750688055130177,63.059338858317965
14,3,0.27201716715978247,0.12339524072075146,3.890487302874152e-06,0.001972431824645443,75.34958855459895
14,4,0.2083723554885988,0.06145201073033769,2.708451796688925e-06,0.0016457374628685237,89.27325777841787
14,5,0.16275772095082044,0.030622927338978076,1.4513519416471622e-06,0.0012047206903042557,109.6808535582396
14,6,0.1286817371136289,0.015244363682172853,6.665573554159527e-07,0.0008164296389866996,138.94323284520547
14,7,0.10268198043585741,0.0075907786052459205,2.8112111792348576e-07,0.0005302085607791388,179.34678702825065
14,8,0.08216215096850013,0.0037809340639902976,1.1155314070076055e-07,0.0003339957195844889,234.67730964343153
14,9,0.06560640299855819,0.0018822475726019154,4.2366379169291064e-08,0.00020583094803573894,309.5946262410048
14,10,0.05230858435645153,0.000937294481158489,1.5642564193569263e-08,0.00012507023704130916,410.73952596992154
14,11,0.041368402796652506,0.0004664245524208413,5.772578640513922e-09,7.597748772178454e-05,538.343389215594
15,0,1.0,1.0,0.0,0.0,
15,1,0.47305862981137564,0.47268741198432984,3.046909577396254e-08,0.00017455399099981225,2.1266647924778717
15,2,0.31672791844296816,0.22347321432815392,3.566759345925301e-07,0.0005972235214662347,156.14707184651064
15,3,0.21770942468442697,0.10564356124352293,4.4902703883517676e-07,0.0006700947983943591,167.23882010340856
15,4,0.1515820847693472,0.049943775406523824,2.8355402794235064e-07,0.000532497913556805,190.87081240174842
15,5,0.10657472029651822,0.02361385082636533,1.3921016558832582e-07,0.0003731087851931737,222.35035132501812
15,6,0.07607556174684621,0.01116617246097668,5.889985384712647e-08,0.0002426929208838331,267.45481099936546
15,7,0.055222475525864324,0.005280909245133541,2.3019888244872577e-08,0.00015172306431413972,329.16265240548876
15,8,0.04094563927539084,0.0024969648070411344,8.342471017675236e-09,9.133712836341657e-05,420.95339712639384
15,9,0.030447045927294854,0.0011802138311393746,2.8361275515383275e-09,5.3255305383955195e-05,549.5571170825173
15,10,0.022839225300496677,0.0005576968398750229,9.120198984873829e-10,3.019966719166592e-05,737.8070863897003
15,11,0.017208262002561037,0.0002635021600811609,3.016318421219968e-10,1.7367551414116982e-05,975.6562360717443
16,0,1.0,1.0,0.0,0.0,
16,1,0.4066668759630906,0.40439345024282763,4.593822963015565e-07,0.0006777774681276712,3.354236201659505
16,2,0.28370653501921606,0.16355424570876925,1.5238799842926515e-06,0.0012344553391243653,97.3322286375093
16,3,0.19974465836283103,0.06614516538341796,1.1327722898518286e-06,0.0010643177579331411,125.52594559622636
16,4,0.14394230744074948,0.026750136696726875,5.26501344871285e-07,0.0007256041240726827,161.50979143592028
16,5,0.10527871743151429,0.010803768033285113,2.0029401658128122e-07,0.000447542195308198,211.09730074316101
16,6,0.07822192223068129,0.004364340598535448,6.669721878304999e-08,0.0002582580468892499,285.98366061297816
16,7,0.05863046885015161,0.0017674210930680157,2.0587469234843096e-08,0.0001434833413147432,396.30417884087007
16,8,0.04416285354744357,0.0007159899851661156,6.216826373510024e-09,7.884685392271543e-05,551.0284989286124
16,9,0.03371503768643733,0.00029096999299729043,1.929801526326508e-09,4.3929506329191864e-05,760.8568929268664
16,10,0.026046939955472186,0.00011821759677125375,5.770247200688805e-10,2.4021338848383962e-05,1079.403713604635
16,11,0.020295212605923613,4.80509706557693e-05,1.934819722953998e-10,1.3909779735689556e-05,1455.6062008169624
17,0,1.0,1.0,0.0,0.0,
17,1,0.428360337314749,0.4259218559461058,4.464633316805193e-07,0.0006681791164654274,3.649442654751594
17,2,0.28969664711046145,0.18139405819725413,7.625998574466752e-07,0.0008732696361643837,124.01964345044571
17,3,0.2201503060539497,0.07726248214188772,5.7263404667142e-07,0.0007567258728703678,188.82375908473745
17,4,0.17004563997251274,0.03288648662246993,3.146058954798614e-07,0.0005608974019193362,244.53519107183874
17,5,0.136129460224903,0.014003884760062443,1.4548663602160647e-07,0.0003814271044663796,320.1806427356427
17,6,0.11037604318518549,0.0059573206012771785,5.891150832622565e-08,0.00024271693044826035,430.2078243617501
17,7,0.08932962069965403,0.002536388179419248,2.272924783024305e-08,0.00015076222282204202,575.6961584646076
17,8,0.07239635674649358,0.001083211189803763,8.916525556537978e-09,9.442735597557509e-05,755.2170112137412
17,9,0.05916712015348377,0.0004617819847231218,3.3637776470918454e-09,5.799808313290919e-05,1012.1944553620971
17,10,0.04853169574940517,0.0001971376706533784,1.2185662302725285e-09,3.490796800549308e-05,1384.6282336212155
17,11,0.039628127569482786,8.409697865235635e-05,4.805895809048442e-10,2.192235345269399e-05,1803.8223257444536
18,0,1.0,1.0,0.0,0.0,
18,1,0.5032187886344986,0.5028706640796252,2.7380632029667955e-08,0.0001654709401365326,2.1038410405246224
18,2,0.3455433658756819,0.25287383161452837,4.4641828694029723e-07,0.0006681454085304315,138.69665656309422
18,3,0.24696823167627818,0.12716896510038198,5.433548213678003e-07,0.000737126055276708,162.52208929302472
18,4,0.17882785883750987,0.06394814602573212,3.786192487520474e-07,0.000615320443957494,186.69900202391713
18,5,0.13252923800634026,0.03215488827360277,2.04713022652522e-07,0.0004524522324539045,221.84518615003972
18,6,0.09973740833983583,0.01616878126268962,9.666495608242802e-08,0.00031090988418258435,268.78729602584735
18,7,0.07583760332121767,0.008130209174552667,4.2072207759307026e-08,0.00020511510855933314,330.0946216113546
18,8,0.058506783019575424,0.004087742406166904,1.6598596443171723e-08,0.00012883554029526062,422.391527125923
18,9,0.045820956567787084,0.0020556241653671217,6.370539356306408e-09,7.981565859094572e-05,548.3301544464697
18,10,0.03631919653455995,0.001033258533253556,2.3671085919796614e-09,4.8652940219267955e-05,725.258079825814
18,11,0.029117187508955828,0.0005193148334412607,8.540263194622121e-10,2.922372870566335e-05,978.5839775460447
19,0,1.0,1.0,0.0,0.0,
19,1,0.43510852577402925,0.43489382827493483,1.6665508833365195e-07,0.0004082341097135955,0.525917589897237
19,2,0.27574652169617275,0.18913616133581235,6.243017514785521e-07,0.0007901276804912938,109.61565136726625
19,3,0.18302805547321999,0.08226136343222583,5.231299390673514e-07,0.0007232772214492527,139.31959842325028
19,4,0.12374812499438621,0.03577293644591751,2.646600964869648e-07,0.0005144512576395988,171.00782093937485
19,5,0.08501747011218597,0.015553757271728355,1.1055761737082592e-07,0.0003325020561903729,208.91213015743398
19,6,0.05938434695912263,0.006766144883667315,3.975167935803733e-08,0.00019937823190618713,263.91146903245493
19,7,0.04255364537019572,0.002944829176135258,1.3726470230550489e-08,0.00011716001976165116,338.0745093304024
19,8,0.03097127536309989,0.0012821782400546107,4.914897178672227e-09,7.010632766499916e-05,423.4866967346183
19,9,0.02308726972236444,0.0005586468821762942,1.6339046202165094e-09,4.042158606755194e-05,557.3413869148691
19,10,0.01736737984245462,0.00024369459189997587,5.826148625357836e-10,2.4137416235707244e-05,709.4249476968887
19,11,0.013167142715996156,0.00010622224916841065,2.2020917900694708e-10,1.4839446721726086e-05,880.1487489223946
20,0,1.0,1.0,0.0,0.0,
20,1,0.5151666522476707,0.5126489225248541,3.3796073008757155e-07,0.0005813439000175125,4.330878371202939
20,2,0.384373319089873,0.26272532314223773,1.406205645290918e-06,0.0011858354208282521,102.5842151541313
20,3,0.2985130880599429,0.13463344279232012,1.5336305124284087e-06,0.0012383983658049652,132.33192952503632
20,4,0.23496744441477058,0.06896303094818065,1.0531741717051062e-06,0.0010262427450194744,161.75940270685155
20,5,0.18825140209062904,0.035324639305681464,6.207513430633627e-07,0.0007878777462673778,194.09960937397722
20,6,0.15067274019853077,0.018103325271233834,3.2521760766924925e-07,0.000570278535164396,232.46432533021908
20,7,0.12035072013481134,0.009275168357450668,1.556558021319577e-07,0.00039453238413590045,281.53722290918364
20,8,0.09649543168593169,0.00474775157699932,6.708822715078366e-08,0.00025901395165277036,354.21906628384147
20,9,0.077399916495206,0.002427674943170348,2.784542909401868e-08,0.00016686949719472004,449.2866749909993
20,10,0.062417200482973674,0.0012407709022153853,1.1501894035298014e-08,0.0001072468835691649,570.4261750534207
20,11,0.050561776620914566,0.0006354338675884795,4.9063514093181e-09,7.004535251762318e-05,712.7716680527061
21,0,1.0,1.0,0.0,0.0,
21,1,0.6226517370571871,0.6214350455820307,1.460496597661195e-07,0.0003821644407400033,3.1836857264912553
21,2,0.49689347279663876,0.38615503398963397,1.8705290919143256e-06,0.0013676728745991586,80.96851291246112
21,3,0.4185128260583101,0.23990161958043496,3.643156141965598e-06,0.0019087053575566864,93.57714943835724
21,4,0.35447698207426553,0.14897890395257007,3.829790431095566e-06,0.0019569850359917335,105.00748566917683
21,5,0.3058180685777969,0.09253322423769457,3.0247407348584317e-06,0.0017391781780077716,122.63541886456977
21,6,0.2646663085734951,0.05748256823582254,2.1519549988712436e-06,0.0014669543274660065,141.23394059279164
21,7,0.23031280364301696,0.03571017905774748,1.3790553164268218e-06,0.001174331859580937,165.71348464880606
21,8,0.20079158681957127,0.022184912643059194,8.213802058512872e-07,0.0009063002845918605,197.07229183641388
21,9,0.17584108069288862,0.013783388298074553,4.6680645949687027e-07,0.0006832323612775308,237.19264715710065
21,10,0.15417230742200294,0.00855932039247379,2.6064361639577924e-07,0.0005105326790674416,285.21775980239187
21,11,0.13558829606544634,0.005315555655354165,1.3867002130308094e-07,0.00037238423879520054,349.83419500130356
22,0,1.0,1.0,0.0,0.0,
22,1,0.436492619035544,0.43563841844123485,4.078750433128805e-08,0.00020195916500938513,4.229570835616369
22,2,0.3176875247707008,0.18970342857804753,3.7007920404308763e-07,0.000608341354868373,210.38204154367446
22,3,0.2503555945625612,0.08259842851230538,3.0939789601415783e-07,0.0005562354681375127,301.5937955412488
22,4,0.20083661574468006,0.03596950253232481,1.597992924788033e-07,0.0003997490368703886,412.4265426705967
22,5,0.16565306367784094,0.015663459545728047,6.647135135486632e-08,0.0002578203858403488,581.7600638647388
22,6,0.1393046688192523,0.006820480978919314,2.4570955704498204e-08,0.00015675125423580572,845.1874180287766
22,7,0.11971832308695056,0.00297043082705496,8.32103729861236e-09,9.12197198998789e-05,1279.8536587048936
22,8,0.10406359237616528,0.0012934716015850745,2.662341525023022e-09,5.1597882950979896e-05,1991.7507249709456
22,9,0.09128108899044485,0.0005628318021674871,8.251252113084997e-10,2.872499279910266e-05,3158.1646624855307
22,10,0.08063297475689495,0.00024521819817687623,2.590815323329509e-10,1.6096009826443038e-05,4994.266120952194
22,11,0.07181448787808777,0.00010662788819327436,8.216905806972075e-11,9.064715002123384e-06,7910.6579713865385
23,0,1.0,1.0,0.0,0.0,
23,1,0.4322518520063547,0.4298607620312339,1.3109772981517456e-06,0.0011449791693090951,2.0883261802602133
23,2,0.3158926653248094,0.18467475025579871,3.0982965790394824e-06,0.0017601978806485031,74.54725205138105
23,3,0.23830828649000038,0.07924392485135857,2.2427033791441834e-06,0.0014975658179673384,106.21527263125003
23,4,0.1827220234929309,0.03400343923344954,1.1399183277056085e-06,0.0010676695779620249,139.29270565464313
23,5,0.1434257685261471,0.014578073959741967,4.5725920396586317e-07,0.0006762094379449781,190.54406421474587
23,6,0.11359204063115959,0.0062457777267918395,1.651851961768972e-07,0.00040642981703720653,264.12004829493293
23,7,0.09294968730554368,0.0026777584262957653,5.8857119642685756e-08,0.00024260486318844837,372.09447367560523
23,8,0.07707683697129608,0.001144541665363049,2.118150117415506e-08,0.00014553865869299147,521.7328233463347
23,9,0.06398503794396877,0.00048817879378852154,7.547337977499428e-09,8.68754164162649e-05,730.8955947437888
23,10,0.053065935250172946,0.00020848614630879166,2.799452292634142e-09,5.290985062003239e-05,999.0096075578714
23,11,0.044420341999784466,8.910951895923801e-05,1.043802616607424e-09,3.230793426710262e-05,1372.1469195251293
