piece_id,tau,S_obs,shuff_S_mean,shuff_S_var,shuff_S_std,Z_S
1,1,0.7811521354865907,0.8278396145238976,0.00010285176122111837,0.010141585735037612,-4.60356794855157
1,2,0.8287948220863314,0.974681052912746,3.61408613037657e-05,0.006011726981805287,-24.26694213957897
1,3,0.8437095620891014,0.9788887499005577,2.4938707509643432e-05,0.004993866989582665,-27.06904050377064
1,4,0.7703289025039511,0.9785584155118592,2.343716049477795e-05,0.004841194118683731,-43.012014784592736
1,5,0.8330433981681263,0.9790314316011046,2.62689957620444e-05,0.005125328844283497,-28.483642292690178
1,6,0.8256242169131573,0.9779529333624204,3.102069714018201e-05,0.005569622710757167,-27.349916567069332
1,7,0.8318694976951055,0.9792486765157846,2.520218406981992e-05,0.005020177693052301,-29.357362992279178
1,8,0.7897575102067576,0.9786707635026357,2.654019741245904e-05,0.005151717908859048,-36.66995294346712
1,9,0.8303174821136984,0.9788803686296029,2.448979516335036e-05,0.004948716516769814,-30.020488345304592
1,10,0.8293344501911056,0.978739122608147,2.789908939691257e-05,0.005281958859827722,-28.285845532298296
2,1,0.7144460047872913,0.8306702252423541,9.036872674570181e-05,0.009506246722324316,-12.226089207439124
2,2,0.7079424578618132,0.9751251436974829,2.6784914963517023e-05,0.005175414472630866,-51.62536976480075
2,3,0.7178152136324759,0.9794420301710337,2.0209581722293182e-05,0.004495506837086691,-58.19740154329402
2,4,0.6994820020692072,0.9786215798512672,2.2797345982820337e-05,0.004774656635070248,-58.462754312374365
2,5,0.7331849033460633,0.9795916812842647,2.2859137117100317e-05,0.00478112299748713,-51.53742709980651
2,6,0.6901793950177372,0.97870330280072,2.3341900814926046e-05,0.004831345652603014,-59.71916077408642
2,7,0.7289109892204988,0.9793153068360229,2.0554187148192136e-05,0.004533672589434766,-55.232113187675765
2,8,0.7072295969446297,0.9792519718354252,2.277066889520638e-05,0.004771862204130205,-57.005496649788235
2,9,0.6966527159871956,0.979251500674701,2.733021299397882e-05,0.0052278306202457265,-54.0566068826121
2,10,0.7067356297511154,0.9793546223554344,2.4430367191424624e-05,0.004942708487400873,-55.15579025128304
3,1,0.8167484965931484,0.8317211767942654,7.708477515786244e-05,0.00877979357148347,-1.7053567466264619
3,2,0.8856877844284364,0.9756097945687293,2.7963948576454208e-05,0.005288094985574125,-17.004613265381828
3,3,0.8913477197851738,0.979656796650098,2.5184043398441e-05,0.0050183705919791335,-17.59716131886885
3,4,0.8971896041310936,0.9799371033403603,2.226434665240173e-05,0.004718511063079299,-17.5367818583148
3,5,0.899609243673353,0.9796372171290421,2.0281162795181464e-05,0.004503461201696032,-17.770325949638465
3,6,0.8988666518925371,0.980288933642144,2.0540802261628122e-05,0.004532196185253692,-17.965303888328744
3,7,0.8983202318028605,0.9799118534683942,2.2179494343020927e-05,0.004709511051374753,-17.324860431470118
3,8,0.9020442656238771,0.9802725522289927,1.8982336215605486e-05,0.004356872297371761,-17.95514792855095
3,9,0.904189699495123,0.9800168330052815,2.3705794617503918e-05,0.004868859683488929,-15.573899935399728
3,10,0.9082789372276726,0.9797435305350041,2.5612392123635382e-05,0.005060868712349233,-14.1210130847591
4,1,0.7449480064269557,0.8301937630750348,4.602606386567915e-05,0.006784251164696009,-12.565241848898856
4,2,0.7497182205572931,0.9776184470075221,1.561101492971706e-05,0.003951077692189444,-57.68052268391127
4,3,0.7964507107577208,0.9814829679440623,1.182538363005955e-05,0.0034388055528132948,-53.807129930613904
4,4,0.7629508843573246,0.9815940947285715,1.2181865909161966e-05,0.0034902529864125845,-62.6439433537959
4,5,0.7998258408873369,0.9817634050586295,1.3467034611016476e-05,0.003669745851011549,-49.57770144249698
4,6,0.7801088748988196,0.9819982814587771,1.196018262249676e-05,0.0034583496963865234,-58.377383516450855
4,7,0.8001763764512355,0.981837666097811,1.317313066748178e-05,0.0036294807710582763,-50.051591702911004
4,8,0.7473160349491915,0.9817565516901294,1.2014712906202259e-05,0.0034662245896944213,-67.63569718995213
4,9,0.7945111060231501,0.9817098740504429,1.356897911987705e-05,0.003683609523263432,-50.81938431450441
4,10,0.7794590084430847,0.9820582570519669,1.0413137839526472e-05,0.003226939391982203,-62.78371670452483
5,1,0.74467116986645,0.8256612775058703,0.00016461966969047464,0.012830419700480364,-6.312350611288893
5,2,0.7747474835974923,0.9720699799385037,5.226957111610375e-05,0.007229769783063895,-27.293053895471118
5,3,0.7638898124559356,0.9759750356641294,3.836319226166351e-05,0.006193802730283191,-34.24152050746648
5,4,0.7785610353744638,0.9755109873414831,4.830241113602881e-05,0.006949993606905607,-28.338148652586852
5,5,0.7740460252121545,0.9763251581769175,3.746680672655578e-05,0.006121013537524303,-33.0466730264048
5,6,0.7463423504184756,0.9763922619323799,3.8036235412812175e-05,0.006167352382733792,-37.30124326249872
5,7,0.7704821370612814,0.9763992721611767,3.803353251932248e-05,0.006167133249681126,-33.38944153842343
5,8,0.770094977011563,0.9762065412539308,4.229873043325719e-05,0.006503747414626216,-31.69120064208604
5,9,0.7629150571397971,0.9755316843289749,4.229729636188214e-05,0.006503637164070744,-32.691957104214765
5,10,0.7715625020253064,0.9761829161123914,3.553081138707451e-05,0.005960772717280413,-34.32783362027642
6,1,0.8445057903689168,0.8245524079798536,0.0002006361400212403,0.0141646087140182,1.4086786858655722
6,2,0.7309987049257878,0.9708523500327139,6.811375622955657e-05,0.008253105853529117,-29.062228131287334
6,3,0.9043084204449579,0.9743303421854733,5.437560917683089e-05,0.00737398190781825,-9.49580872530686
6,4,0.7173881610171016,0.9746631711065663,6.435118397066565e-05,0.00802191897058713,-32.07150446579924
6,5,0.8958310563319806,0.9743793379914579,5.003633823381548e-05,0.007073636846334104,-11.104370123295887
6,6,0.8288772262957738,0.974037813877425,5.6218759102158454e-05,0.007497916984213579,-19.360122002854702
6,7,0.9125574826704409,0.9750741095673868,5.613531540383641e-05,0.007492350459224155,-8.344060683917824
6,8,0.7980418457257329,0.974168627299903,6.228653159947168e-05,0.007892181675523675,-22.3166152041835
6,9,0.9102325676893109,0.9749059663021535,5.512656015822291e-05,0.007424726268235275,-8.710543160295433
6,10,0.848327365184517,0.9747259665092232,5.730456185853244e-05,0.007569977665656117,-16.697354590378534
7,1,0.7144460047872913,0.8300162077517742,7.883954919780279e-05,0.008879163766808381,-13.015888207457255
7,2,0.7079424578618132,0.9743300927283299,3.407576316850124e-05,0.005837444917813036,-45.63428668142658
7,3,0.7178152136324759,0.9792225960143255,2.3827222462870866e-05,0.004881313600135814,-53.552671226568265
7,4,0.6994820020692072,0.9783326591144953,2.7678731399572876e-05,0.005261058011424401,-53.002771769435576
7,5,0.7331849033460633,0.9790028597496792,2.571851841624721e-05,0.0050713428612397336,-48.47196553843798
7,6,0.6901793950177372,0.9793115951080877,2.133972911584837e-05,0.004619494465398608,-62.58957603608729
7,7,0.7289109892204988,0.9797496883035671,1.7393553412405255e-05,0.004170557925794252,-60.14511812236679
7,8,0.7072295969446297,0.9795979814736013,2.6063948582810012e-05,0.005105286337005008,-53.35026608688813
7,9,0.6966527159871956,0.9792711328227315,2.37600295126904e-05,0.004874426070081523,-57.97983450199486
7,10,0.7067356297511154,0.9794582102331386,2.1988514761644585e-05,0.004689191269466899,-58.159832860268104
8,1,0.7435364355718024,0.8275538524658607,0.00011587524943807628,0.010764536656915442,-7.8050193493542634
8,2,0.7433305219954045,0.9727538126750506,4.301438812577506e-05,0.006558535516849403,-34.98087188675571
8,3,0.7825116908181396,0.9765765315281717,4.1854371385248146e-05,0.006469495450593357,-29.99690504338065
8,4,0.7538673584751054,0.9761309350317379,3.10029132886235e-05,0.005568025977725275,-39.91784116054619
8,5,0.7720414598248575,0.9767765481210893,3.891604885407319e-05,0.006238272906347813,-32.81919392912446
8,6,0.7682731283935795,0.9773276494850016,3.332257112289543e-05,0.005772570581889443,-36.21515200650792
8,7,0.7681095778315015,0.9769885231248229,3.738151275713801e-05,0.006114042260005896,-34.16380463374814
8,8,0.7685408010630731,0.9771022077208249,3.626922190408675e-05,0.006022393370088568,-34.63098370385669
8,9,0.7546657336111786,0.9766253027235843,3.977582625268856e-05,0.006306807928951742,-35.1936465503394
8,10,0.7598651021108513,0.976858328109012,3.345898536315612e-05,0.0057843742412776265,-37.513690668505596
9,1,0.6460460503976947,0.8296258978927639,6.573214301687894e-05,0.008107536186590778,-22.643111701270687
9,2,0.5991920419374127,0.9766587669978714,2.3173345890673596e-05,0.004813870157230417,-78.41231955405047
9,3,0.651090038467319,0.9802823716280087,2.1170683813383378e-05,0.004601161137515549,-71.54549108846054
9,4,0.6008526953285463,0.9797113324380191,2.4381253447801116e-05,0.004937737685195632,-76.7271696601806
9,5,0.648897658339114,0.9803575494899154,2.4154743469195468e-05,0.004914747548877304,-67.44189561201738
9,6,0.6325088869427901,0.9801860364986443,2.072042475882185e-05,0.004551969327535265,-76.37950182412796
9,7,0.637386679043003,0.9805499034739373,1.8435735805428152e-05,0.004293685573656757,-79.92276531294216
9,8,0.6244915045443595,0.9803456792603432,2.270637700979125e-05,0.004765120880921202,-74.67893965518653
9,9,0.6385785461465514,0.9807303946017015,1.79825104929886e-05,0.004240579028032446,-80.68517204687082
9,10,0.6184243890722504,0.9804414028507373,1.9350910410241142e-05,0.0043989669708058895,-82.29591542310797
10,1,0.5831573662518447,0.8524660217469074,3.936065914642056e-05,0.0062738073883743485,-42.925872412676235
10,2,0.568120668379334,0.9838995993981302,6.952582960604607e-06,0.002636775106186458,-157.68463910452084
10,3,0.600909493388022,0.98686557153258,6.474933583518388e-06,0.002544589079501519,-151.67717304680338
10,4,0.5814264200152234,0.9872948553350165,6.563131851934734e-06,0.002561861013391385,-158.42718757896452
10,5,0.600058129934322,0.9874757835651947,7.560331741242634e-06,0.002749605742873446,-140.89934698274456
10,6,0.5797385502746486,0.9877055386928539,6.3345042275354615e-06,0.002516844100761003,-162.09465985392214
10,7,0.5947377553536962,0.9876299203704288,6.732284517891885e-06,0.002594664625320946,-151.42310153788526
10,8,0.5713713213987401,0.9874097809121345,7.380853901485939e-06,0.0027167726996357167,-153.1370142114501
10,9,0.5826330240605329,0.9874244484643081,6.155995381634867e-06,0.0024811278446776716,-163.1481526726256
10,10,0.5794665958874333,0.9873180105903009,7.54988479517328e-06,0.002747705369062207,-148.4334598953262
11,1,0.7490033960518633,0.8136545418072371,0.0001767816403646064,0.013295925705440987,-4.862477964126793
11,2,0.7735675522663589,0.9634353097361747,8.547192234214076e-05,0.009245102613932457,-20.537117368895764
11,3,0.8162259663468665,0.9688437645666113,7.513930938262518e-05,0.00866829333736608,-17.606441346632913
11,4,0.8105061268262491,0.9690947366034925,5.8765876291422194e-05,0.0076658904434789696,-20.687565384155427
11,5,0.822814793139286,0.969845703607413,5.984399804784946e-05,0.007735890255675132,-19.0063335451616
11,6,0.8208697159277344,0.9690836342907787,7.021366936389794e-05,0.008379359722788964,-17.687976559826364
11,7,0.8226436970835043,0.9695777578970223,7.867913092033022e-05,0.008870125755609682,-16.56504821485686
11,8,0.8052541537168483,0.9699829942519104,6.804120966658492e-05,0.008248709575841843,-19.970255834622506
11,9,0.831150940829403,0.9687367883222877,7.193831962787141e-05,0.008481646044717465,-16.221597407802214
11,10,0.8254619844757033,0.969915227563492,6.238155152848475e-05,0.007898199258595895,-18.28938956314315
12,1,0.6039483386505181,0.8375173248087958,2.7539970530530106e-05,0.00524785389759758,-44.50752454545342
12,2,0.5249933197191453,0.981493540148727,8.334720061057753e-06,0.0028869915242441834,-158.12315921124633
12,3,0.6094820084077949,0.9854206284961993,5.661597662740009e-06,0.002379411200852011,-157.99649087715048
12,4,0.5302619570955232,0.9849956802714811,6.0161504142760235e-06,0.0024527842168189243,-185.3949157279368
12,5,0.5991201638195693,0.9854895906671112,5.768381356596475e-06,0.00240174548122745,-160.87026284320586
12,6,0.5589177284174074,0.9858541405548683,5.0404262377071525e-06,0.0022450893607398243,-190.1645518451758
12,7,0.5910763323819059,0.985939993801973,4.6924942279275645e-06,0.002166216569950374,-182.2826336468809
12,8,0.5549369424685762,0.985632605100615,5.610028904896884e-06,0.0023685499582860575,-181.83938283645116
12,9,0.5855963561586814,0.9858194231874182,5.656467346915561e-06,0.002378332892367164,-168.27882602691216
12,10,0.5727048506338008,0.9859375589016929,5.393709954247868e-06,0.0023224362110180483,-177.9307032449128
13,1,0.8149998077165763,0.8388853431569466,0.00016118795293812026,0.012695981763460448,-1.8813460735359475
13,2,0.5553793896631688,0.9754346377877353,4.545331657511234e-05,0.006741907487878512,-62.305104138524165
13,3,0.8235978881525824,0.979062339066694,3.431058922402076e-05,0.005857524154796185,-26.540983324296867
13,4,0.5854860963234,0.9791320752307335,3.261870132257688e-05,0.005711278431540252,-68.92431941917648
13,5,0.8102277060461532,0.9792739192219105,3.9453692939940254e-05,0.006281217472746845,-26.912969326284376
13,6,0.6765468075116927,0.9792928939774534,3.384135942312047e-05,0.005817332672550236,-52.04207899168352
13,7,0.8076715149073911,0.9795919413030864,3.965853865923981e-05,0.0062975025731824685,-27.299778665880652
13,8,0.6696404589714511,0.9793105789098221,3.220098171722563e-05,0.00567459088544942,-54.57135610118007
13,9,0.8011257203737959,0.9795330244332039,2.925756439745224e-05,0.005409026196779993,-32.98325753452891
13,10,0.701321078503703,0.980016367975929,3.259517347025931e-05,0.00570921828889554,-48.8149647411958
14,1,0.7640862057576254,0.8349698084959094,9.583342060577799e-05,0.009789454561198903,-7.2408122735699125
14,2,0.7860919009320175,0.9776154864943417,2.350507881344794e-05,0.004848203668725968,-39.50403049231914
14,3,0.8093479711255324,0.9813320518572649,1.8591883011767575e-05,0.004311830587090311,-39.88655798459605
14,4,0.7907039439005676,0.9808371652687975,2.232303161350346e-05,0.004724725559596394,-40.24217258123069
14,5,0.8074692697947522,0.9811872362762278,2.4528971487746825e-05,0.004952673165851632,-35.07559668569491
14,6,0.7908745373737521,0.9821451629357345,1.645625371383811e-05,0.004056630832826437,-47.15011876708425
14,7,0.8026538042609561,0.981180492696422,2.3794310761279448e-05,0.004877941242089684,-36.59877796293136
14,8,0.7989083514269645,0.9813578347693438,2.21369341474086e-05,0.004704990345091964,-38.777865619363595
14,9,0.7950346742051936,0.9814994767874768,1.87765992319539e-05,0.0043331973451429485,-43.031689473199364
14,10,0.8051246699227852,0.9814899440416653,2.163244563438844e-05,0.004651069300105992,-37.919296131507004
15,1,0.6842726450424625,0.8257532075906333,3.102641662832556e-05,0.00557013614091483,-25.3998392443123
15,2,0.7090470962348588,0.977589929364954,1.135035021307268e-05,0.003369028081371938,-79.70928904241694
15,3,0.7326642206945267,0.9818357902736259,9.083788841101828e-06,0.0030139324546349456,-82.67324279146109
15,4,0.7215920907932629,0.9811676093799273,9.948094948990489e-06,0.0031540600737764157,-82.29885053389923
15,5,0.7392409915441059,0.9816328613578196,9.186991725477532e-06,0.0030310050685337913,-79.97078999639136
15,6,0.7335367656893136,0.9816434915247767,8.50365504902997e-06,0.002916102715788655,-85.08161406391443
15,7,0.739054038578979,0.9820476303604612,7.394159193503506e-06,0.002719220328238134,-89.36149427028046
15,8,0.7141447478237136,0.9819568742366797,8.269660481867632e-06,0.002875701737292592,-93.12931273084847
15,9,0.7380025557786508,0.9819168073478564,8.640542815657096e-06,0.002939480024707958,-82.97870695462161
15,10,0.7400243153027181,0.9818794443306914,9.6781701800376e-06,0.00311097576011733,-77.7425308575377
16,1,0.6094930696978141,0.8289006065313952,0.00013323795485822103,0.011542874635818455,-19.00804987977103
16,2,0.6377747300450735,0.9730180221499181,4.5179128940433995e-05,0.006721542154925013,-49.875948759646604
16,3,0.6470907506119882,0.9766335606816847,3.618448654484448e-05,0.00601535423269856,-54.78360829996535
16,4,0.6475956555204117,0.9770546135373812,3.89853968347655e-05,0.006243828699985731,-52.765534393620136
16,5,0.6468834278789072,0.9761527679570675,4.2528897164712676e-05,0.006521418339955862,-50.490448996466135
16,6,0.6358440786051683,0.976828154778398,3.61984282158207e-05,0.006016512961493617,-56.674701501611885
16,7,0.6391778443989499,0.9771179451957767,3.934988589784014e-05,0.006272948740252876,-53.87260677395615
16,8,0.6398971342935266,0.9764628321133205,4.1157673960953404e-05,0.0064154246906150654,-52.46195132056432
16,9,0.639836392765955,0.9771011371898969,2.9764616223956897e-05,0.005455695759841901,-61.81883288039422
16,10,0.6411902066223493,0.976651831984843,3.8274057570305355e-05,0.006186603071985899,-54.223880449277075
17,1,0.678362690911484,0.8189271142319529,0.00017476315817183374,0.013219801744800629,-10.632869239189086
17,2,0.6168326137464956,0.9678676201512045,8.13422625194977e-05,0.00901899454038518,-38.921745082874516
17,3,0.6919013596643154,0.9734494874563834,4.8557604715751306e-05,0.006968328688842921,-40.40396777535167
17,4,0.6282588020735634,0.9721859623961293,6.845606521321196e-05,0.008273818055360654,-41.56813190975761
17,5,0.6763578321613035,0.9727541585816706,5.911957590130211e-05,0.00768892553620479,-38.548471437878774
17,6,0.6530726779497653,0.973366133526014,6.402179710670847e-05,0.008001362203194433,-40.029865845640124
17,7,0.6677997752325887,0.9731196844012611,5.813969989530237e-05,0.007624939337155566,-40.04227386844627
17,8,0.6419925429779328,0.9732460208273039,6.436399311572597e-05,0.008022717314957942,-41.289436589242165
17,9,0.6661408380141206,0.9733515677304416,5.213667603579005e-05,0.0072205731099262505,-42.546585297224254
17,10,0.6546944112315028,0.9737697782314128,5.04035010703752e-05,0.007099542314147807,-44.943089692424785
18,1,0.7010390361288386,0.8275203496424943,3.094425349176005e-05,0.00556275592595613,-22.737167547381844
18,2,0.7330660183199017,0.9774136257198976,1.1371329651373385e-05,0.0033721402182254204,-72.46069012177175
18,3,0.7581677395258962,0.9817720200199515,9.053366045983746e-06,0.0030088811950596765,-74.3147588748915
18,4,0.7280622433142706,0.9812327549555977,8.754952008665856e-06,0.0029588768153922624,-85.56304551927212
18,5,0.7530154322620876,0.9816339255031752,8.52933338323521e-06,0.0029205022484557704,-78.28054005504387
18,6,0.7492408712380962,0.981733296151267,9.240438314344531e-06,0.003039808927275616,-76.48257850257014
18,7,0.7526492857483471,0.9819295671549347,7.330461835762013e-06,0.0027074825642581734,-84.68393644832517
18,8,0.7296207204368869,0.9818632954908189,7.850693024773044e-06,0.0028019088180690397,-90.02526185979428
18,9,0.7511619905376709,0.9818181755599733,9.337921322475153e-06,0.0030558012570314767,-75.48140916938125
18,10,0.7483536080028794,0.9817249181005818,9.06613270618456e-06,0.003011001943902488,-77.5061970884135
19,1,0.6640964806768215,0.8205009188368033,0.0001060159342674131,0.010296403948341047,-15.190200282029695
19,2,0.6764207813336399,0.9704326377656889,3.722917573214689e-05,0.006101571578875961,-48.18625048175083
19,3,0.6837864869860877,0.975458090834911,2.8445754135919127e-05,0.005333456115495761,-54.68716673254403
19,4,0.699150686168862,0.9750574980909141,2.960344954300011e-05,0.005440905213565121,-50.709725880570126
19,5,0.7058850999695162,0.9754006491561753,3.4351325576967306e-05,0.005861000390459576,-45.98456427769077
19,6,0.6782771574423132,0.9754399527585462,3.320853692157965e-05,0.0057626848709242855,-51.566726616541615
19,7,0.6891035078445206,0.9753753561989633,3.4049631122480786e-05,0.005835206176518597,-49.05942304256991
19,8,0.6779371092344088,0.975622565239696,2.7759717404498434e-05,0.0052687491309131845,-56.50021449278838
19,9,0.6841378912028148,0.9752601532093172,3.18316094536092e-05,0.005641950855299008,-51.599574238239946
19,10,0.6874543736300603,0.9751157235089374,3.5497682965024855e-05,0.005957993199477896,-48.28158412535366
20,1,0.654220712533195,0.8233909659326368,9.718346844302349e-05,0.009858167600676279,-17.16041563219483
20,2,0.6288762002816058,0.9714259934629726,4.419090578924601e-05,0.006647624070993035,-51.52965774284466
20,3,0.6835413531547885,0.9762914349040136,3.8315046727623244e-05,0.006189914920871146,-47.29468587074288
20,4,0.6457751717065219,0.9759817221508623,3.768480174317865e-05,0.006138794811946287,-53.79012665511285
20,5,0.6570254844019746,0.9762127466351679,3.4824906922700835e-05,0.0059012631633151924,-54.08795598498293
20,6,0.6626007069601575,0.9760754274281532,3.371881396570667e-05,0.005806790332507854,-53.984163800970464
20,7,0.6586268604931723,0.9766882566767182,3.619378613575894e-05,0.006016127170843294,-52.86813046855233
20,8,0.6466873264097734,0.9760846244416034,3.9023870664732736e-05,0.0062469088887811336,-52.729646597439064
20,9,0.6505316582739304,0.9764529773976487,3.5930612898558996e-05,0.005994214952648845,-54.37264457453158
20,10,0.661803675449199,0.976561276883024,3.653574868280807e-05,0.006044480844771375,-52.07355429144887
21,1,0.6932621831004454,0.8211313017441859,6.972963540300487e-05,0.008350427258709872,-15.312883362988075
21,2,0.6882804989207688,0.9725293619575596,2.061345468305585e-05,0.0045402042556536865,-62.60706501977968
21,3,0.7123578055285215,0.9773263228312606,1.623877338300143e-05,0.004029736143099376,-65.75331681615882
21,4,0.686049708681123,0.9772113541987477,1.711137296946454e-05,0.004136589533597036,-70.38688348283871
21,5,0.713402661531342,0.9778608261438084,1.912555415454462e-05,0.004373277278488596,-60.47139199549294
21,6,0.7099598954181877,0.9775458268908581,1.8764018565304335e-05,0.00433174544096307,-61.77323555125125
21,7,0.7048638097215972,0.9777557728867392,1.9094919636272584e-05,0.004369773407886567,-62.44991162988602
21,8,0.7069930169230334,0.9779042276544817,1.665076800741982e-05,0.004080535259916255,-66.3910966271146
21,9,0.6989212314652867,0.9777378538463787,1.897696393251579e-05,0.00435625572395788,-64.00373165599491
21,10,0.7109989366831198,0.9770235012021762,2.2470613658146606e-05,0.00474031788576954,-56.119562217053755
22,1,0.6502879122561999,0.8397894957282449,4.5093982867537714e-05,0.006715205348128805,-28.219774920933688
22,2,0.47770886504736554,0.9807085974180046,1.2386531837737319e-05,0.0035194505022428314,-142.91996209354093
22,3,0.6674941978103459,0.9848708176615895,8.812532831320711e-06,0.0029685910515462907,-106.91153289232184
22,4,0.5093534262725854,0.9840268835749941,8.799269280711876e-06,0.0029663562295705274,-160.01903364490127
22,5,0.6684211844821024,0.9846687609794713,8.914608315833986e-06,0.002985734133481075,-105.9195368238146
22,6,0.5273117791428388,0.9846768105620894,8.458904386686379e-06,0.0029084195685434347,-157.25551992771923
22,7,0.6520860705513332,0.984918036620135,8.366195868426156e-06,0.0028924377034650474,-115.0697094254026
22,8,0.5060294000172457,0.9847291623341149,8.598133795752871e-06,0.002932257457276368,-163.25297805244912
22,9,0.6364625180170908,0.9851829020765145,8.291143416602347e-06,0.002879434565431614,-121.10724384776987
22,10,0.5627020251826729,0.9848283667062444,9.769281827754126e-06,0.003125585037677607,-135.0551453359985
23,1,0.6007522295815105,0.7998099861209953,0.0002478859014174686,0.015744392697639012,-12.643088899156774
23,2,0.52966259296063,0.957221976158174,0.00014894449353758765,0.012204281770656873,-35.0335555366755
23,3,0.6078583628599873,0.9639944909873034,0.00010454070636879573,0.01022451496985533,-34.8315914424599
23,4,0.555734534175204,0.9633816830930728,0.00011313721545022038,0.010636597926509226,-38.324956131123834
23,5,0.5923548859639726,0.9646871337396056,0.00010607868862893186,0.010299450889680083,-36.15068917399326
23,6,0.5516936681785997,0.9652261655198686,0.0001128258147041411,0.01062194966586366,-38.93188259687023
23,7,0.5936865122443007,0.9649320401905513,0.00010879121199951606,0.010430302584274152,-35.5929777632703
23,8,0.5618832495539767,0.9652328889210441,0.00011534329469761607,0.010739799565057816,-37.55653324102757
23,9,0.5832515917977149,0.9637179241743191,0.00010576510368114658,0.010284216240489431,-36.99517041256784
23,10,0.5682340963152834,0.9646280458205115,9.864769195567679e-05,0.00993215444682959,-39.91016769093434
